user_id,username,gender,age,user_type,education,registration_date,preferences,detailed_preferences,avg_rating,rating_variance,activity_level,email,phone,address
1,李丽丽,女,35,普通读者,硕士,2020-11-17,经管,"经管-市场营销,经管-管理,经管-投资",3.2224894887820765,0.9009777754582287,中,guiying89@example.org,15348839935,西藏自治区邯郸县高明马鞍山路n座 405814
2,文淑华,女,24,普通读者,初中,2024-01-26,"科学技术,文学","科学技术-地理,科学技术-数学,文学-现代文学",3.6322654255651825,0.7982304422656518,中,wye@example.net,18907007227,台湾省拉萨市和平陈街C座 870208
3,陈桂兰,女,12,学生,小学,2023-12-12,"科学技术,生活","科学技术-天文,生活-园艺,生活-家居,生活-健康",3.440274271358186,0.7723922307960697,中,yduan@example.org,15863188202,天津市玉华市永川刘街B座 459680
4,聂荣,女,26,学生,小学,2020-06-05,文学,"文学-散文,文学-诗歌,文学-古典文学",3.0404881624046403,0.5322478925425345,高,xiulan63@example.net,14793601565,湖南省晶县闵行银川街a座 545671
5,唐建军,男,7,学生,初中,2021-07-21,"生活,人文社科,文学","生活-育儿,生活-旅行,人文社科,文学",3.5320439480853922,0.8426714681318777,高,fumin@example.com,14520413527,上海市上海县高坪张路z座 369464
6,程秀云,女,20,研究人员,大专,2021-08-17,"生活,人文社科,科学技术","生活-家居,人文社科-经济,人文社科-社会学,人文社科-政治,科学技术",3.9768522784900906,0.7308792604691134,高,yang85@example.com,15037225893,香港特别行政区霞市南溪杨街P座 177378
7,冯兰英,女,8,学生,小学,2023-09-21,科学技术,科学技术,3.3636407483586597,0.5926921233173297,低,tao21@example.net,15310565561,河南省龙市华龙罗街E座 423724
8,高秀兰,女,14,学生,初中,2020-05-24,人文社科,"人文社科-政治,人文社科-法律,人文社科-经济",4.440343519527994,0.38638924665337127,中,namao@example.com,18841388906,山西省阜新县沙市陆路d座 797158
9,刘丽娟,女,17,普通读者,高中,2020-04-25,"艺术,科学技术,人文社科","艺术-绘画,艺术-电影,艺术-摄影,科学技术-物理,科学技术-医学,人文社科-心理学",4.276867886653084,0.4241259691023265,高,kpeng@example.net,15505042000,天津市静县翔安广州街s座 424374
10,胡凤兰,女,34,学生,本科,2020-03-13,"艺术,文学,科学技术","艺术-设计,艺术-音乐,艺术-绘画,文学-散文,科学技术-医学,科学技术-计算机",4.2464142701108205,0.4794501167378815,高,qinyan@example.org,15113821859,江西省拉萨市东城杨街h座 558946
11,刘桂英,女,27,学生,硕士,2022-09-12,生活,"生活-健康,生活-育儿",2.642804008691275,0.44367297445681864,高,yang49@example.com,18521301791,浙江省嘉禾市清城杨街c座 949753
12,方娟,女,37,普通读者,小学,2020-05-08,小说,"小说-悬疑推理,小说-科幻,小说-青春",4.688431929062859,0.2592809493062769,低,jfang@example.org,18928707848,河南省东市城北澳门街C座 957735
13,何军,男,63,学生,博士,2023-02-10,"生活,艺术","生活-育儿,生活-烹饪,艺术-电影,艺术-摄影,艺术-音乐",3.298993154361609,0.22252049446460845,低,ping15@example.net,18639988854,宁夏回族自治区广州县孝南李路J座 109357
14,谢霞,女,31,学生,大专,2021-10-14,"经管,生活","经管-管理,生活-旅行",3.437289326264966,0.42948470960285534,高,tao80@example.org,15945267578,山西省张家港县朝阳重庆街X座 663085
15,张淑华,女,16,学生,高中,2020-12-04,"经管,科学技术","经管-创业,科学技术-物理,科学技术-医学,科学技术-数学",2.284374112410223,0.3804418318393288,高,li79@example.net,18166096148,宁夏回族自治区昆明市浔阳段路s座 204754
16,钱晶,女,35,普通读者,初中,2020-12-25,"艺术,小说","艺术-设计,艺术-绘画,艺术-电影,小说",3.1951236648707257,0.941593901195485,中,fang07@example.org,18581145571,辽宁省欣市沈北新太原街c座 403072
17,吴玉梅,女,7,普通读者,小学,2020-09-15,"科学技术,生活,文学","科学技术-计算机,科学技术-医学,生活,文学-散文,文学-诗歌,文学-现代文学",2.0127063322014984,0.46459921291498835,中,juan63@example.net,13494686803,甘肃省长沙市清城刘路P座 223491
18,施峰,男,44,专业人士,大专,2022-09-25,"艺术,小说","艺术-摄影,小说",3.8018324605675016,0.5766868184957479,中,tmo@example.com,14520652424,湖北省杨县闵行刘街y座 461512
19,谢璐,女,17,研究人员,高中,2022-05-19,"文学,小说,生活","文学-诗歌,文学-古典文学,文学-现代文学,小说-悬疑推理,小说-武侠,小说-奇幻,生活",4.996029166682117,0.22070541020118248,很高,wei95@example.net,15981993925,香港特别行政区海燕县大兴荆门路A座 204547
20,李霞,女,26,学生,小学,2020-10-15,"人文社科,文学,艺术","人文社科,文学-外国文学,文学-现代文学,文学-散文,艺术",3.577220795586163,0.8482957705250304,高,qgong@example.org,15086136905,四川省娜市沈河太原街x座 663725
21,苏玉兰,女,39,专业人士,本科,2022-01-05,文学,文学,3.065295964306291,0.7870902677610445,低,juanxiao@example.org,18052545020,辽宁省桂芳市沙市潘街K座 553220
22,吉莹,女,30,学生,本科,2020-10-11,"科学技术,生活,文学","科学技术-天文,生活-旅行,生活-家居,文学-现代文学,文学-诗歌",3.917480066479291,0.7786192972185595,中,yong08@example.net,15264807473,湖南省淑华县翔安鲁街u座 960665
23,伍秀梅,女,34,普通读者,高中,2021-04-25,"生活,艺术","生活,艺术-音乐,艺术-绘画",3.171828306950498,0.6717741524095695,中,yong65@example.com,18696940516,宁夏回族自治区海门县友好邢路X座 247603
24,梁秀华,女,47,学生,高中,2021-03-05,"生活,艺术,小说","生活,艺术-电影,艺术-绘画,小说-悬疑推理,小说-恐怖",3.504398606444106,0.8507262676588023,低,gongyang@example.org,13264546786,重庆市海门市房山徐路L座 602981
25,徐丽华,女,25,教师,博士,2022-03-19,"生活,科学技术","生活-园艺,生活-烹饪,科学技术-化学,科学技术-计算机",3.536316428296544,0.7045537433704303,低,gaona@example.net,18763999001,重庆市丽丽市房山杨街m座 849664
26,张楠,男,25,学生,大专,2023-10-28,文学,"文学-戏剧,文学-外国文学",3.668506842869883,0.7291155460091925,低,jing53@example.com,13987703957,贵州省淑珍县清浦侯街t座 650397
27,柳晨,男,79,普通读者,本科,2022-02-04,艺术,艺术-绘画,3.857607221144077,0.7487780515484765,低,gangmao@example.com,14723982993,黑龙江省阜新市清浦赵街n座 889840
28,吕凤英,女,46,普通读者,大专,2020-08-24,"科学技术,人文社科","科学技术-化学,科学技术-计算机,科学技术-生物,人文社科-社会学,人文社科-政治",4.286318890816968,0.2913172519508195,中,dongjie@example.org,13351747643,青海省海口市秀英王路q座 496643
29,姜柳,女,62,学生,本科,2021-01-10,艺术,"艺术-摄影,艺术-绘画,艺术-电影",3.07708616275329,0.7891095801966361,中,junyang@example.com,18213845045,陕西省贵阳市长寿张街p座 210887
30,杨凯,男,22,学生,本科,2023-12-08,文学,"文学-诗歌,文学-散文",3.0686465758027635,0.6481315245355783,中,li32@example.net,13696527779,新疆维吾尔自治区合肥县白云刘路s座 279135
31,刘想,男,26,学生,大专,2024-01-17,"艺术,经管","艺术-摄影,艺术-设计,经管-商业",3.9115888718247063,0.6124933075867971,低,juanguo@example.net,18091485498,重庆市哈尔滨市合川合山街H座 276688
32,姚林,男,33,普通读者,本科,2021-09-03,"经管,生活,文学","经管-创业,经管-投资,经管-商业,生活-园艺,生活-烹饪,文学-戏剧,文学-现代文学",3.593063848714077,0.6283706107380559,高,lili@example.com,14595307294,香港特别行政区澳门市龙潭冯路A座 661399
33,陈秀英,女,58,研究人员,硕士,2022-11-06,"经管,人文社科","经管-管理,经管-创业,人文社科-心理学,人文社科-哲学,人文社科-社会学",3.1040822139105657,0.617390262756063,高,jinfang@example.org,13620044985,广西壮族自治区马鞍山市朝阳刘路l座 877627
34,贺红霞,男,24,普通读者,本科,2020-04-02,艺术,"艺术-绘画,艺术-建筑,艺术-设计",3.7408589426615535,0.8432161754551171,高,linxiulan@example.org,15822567445,广东省冬梅市平山柳州街u座 323448
35,杨林,男,43,学生,硕士,2023-04-09,"艺术,经管","艺术-绘画,艺术-设计,艺术-摄影,经管-商业",2.3667180120467126,0.48052308666973553,中,wei13@example.net,15629213501,澳门特别行政区银川县花溪台北街j座 967664
36,罗宁,男,2,教师,初中,2023-12-23,生活,生活-烹饪,3.041005781370913,0.5257173796561009,高,hanli@example.net,13874309026,重庆市兴城市高港吴街l座 648339
37,颜想,男,26,普通读者,本科,2020-06-19,"文学,生活,科学技术","文学-散文,文学-古典文学,文学-戏剧,生活-旅行,科学技术",3.7016028407182433,0.9751562002574863,中,jmao@example.com,13099581791,河北省辽阳县龙潭吴路B座 142614
38,薛畅,女,63,学生,高中,2022-08-19,"文学,生活","文学,生活",3.4182057134583363,0.41466251261753906,高,yang81@example.org,15397819112,江苏省南京县城北兰州街P座 257493
39,胡超,男,11,教师,小学,2021-06-06,"艺术,科学技术","艺术-建筑,科学技术",3.520603669042985,0.7356931578370157,中,chaoli@example.net,13308741857,湖南省宇县花溪初路a座 629646
40,许凯,男,21,研究人员,大专,2021-03-27,"文学,小说,人文社科","文学-外国文学,文学-现代文学,小说,人文社科",3.3569183208520825,0.8518579132308983,中,na86@example.net,14534006023,内蒙古自治区广州市永川兴城路e座 311354
41,刘红,女,39,学生,本科,2021-06-18,"科学技术,艺术,小说","科学技术-医学,科学技术-地理,科学技术-计算机,艺术-电影,小说-恐怖,小说-奇幻,小说-悬疑推理",4.607503439333839,0.3144916753789034,低,wei51@example.net,15271582968,江苏省林市牧野太原街y座 604956
42,刘淑英,女,36,学生,本科,2020-07-28,科学技术,"科学技术-天文,科学技术-数学,科学技术-化学",3.248308838474072,0.9008765322319123,很高,fanglin@example.org,18196160630,河南省凤英县梁平六安街N座 964611
43,王楠,男,61,普通读者,本科,2023-04-18,"经管,生活","经管-管理,经管-投资,生活-育儿,生活-烹饪,生活-旅行",3.4851357351435808,0.8990333606522496,低,xiuyingmeng@example.org,15198439787,香港特别行政区西宁市萧山张街D座 352689
44,曾想,男,29,研究人员,硕士,2022-05-05,"文学,小说","文学-诗歌,文学-外国文学,文学-戏剧,小说",2.774378643588625,0.4779975461188942,中,jing85@example.org,18520801781,西藏自治区娜县门头沟母路i座 635169
45,王桂英,女,2,普通读者,初中,2022-12-23,"文学,小说,经管","文学-诗歌,小说-科幻,经管-管理,经管-创业",3.8991376344781328,0.551101591774414,高,yan45@example.com,15819691281,台湾省潮州县徐汇赵路y座 287812
46,孙慧,女,38,学生,本科,2021-05-07,"小说,科学技术,人文社科","小说-科幻,小说-恐怖,小说-悬疑推理,科学技术-医学,科学技术-生物,人文社科",3.5993391053955532,0.9256400138837749,高,zhengxiuying@example.com,15300201834,台湾省天津市沈北新太原路j座 985078
47,郑帆,男,37,普通读者,初中,2022-01-13,"经管,艺术","经管-金融,经管-市场营销,艺术-绘画,艺术-电影",3.3753755910971583,0.5964578399940047,高,huangli@example.com,15994748055,澳门特别行政区张家港县牧野邱路W座 789543
48,冯磊,男,29,普通读者,大专,2021-12-04,"小说,文学,艺术","小说,文学-现代文学,艺术-设计",4.82060719127742,0.40637932593351256,低,ipeng@example.org,14599611284,吉林省济南县沙湾乌鲁木齐街p座 707391
49,蒋凤英,女,61,研究人员,博士,2022-08-18,艺术,艺术,3.084836822432973,0.5016292091644228,高,taozhong@example.org,13933624568,贵州省雪县海陵董路q座 517328
50,杨娜,女,44,普通读者,初中,2022-07-26,人文社科,人文社科-法律,3.687761472853742,0.6671619376790782,中,ubai@example.com,15369763328,内蒙古自治区刚县沙市王街h座 962824
51,徐婷婷,女,15,学生,初中,2021-01-03,生活,"生活-园艺,生活-育儿,生活-烹饪",3.2848106529481753,0.6666691125245876,高,jieshen@example.net,13389714018,甘肃省刚市沙湾崔路O座 191513
52,高玉,女,3,学生,初中,2021-08-11,"小说,人文社科","小说-科幻,小说-恐怖,小说-奇幻,人文社科",3.4499838910406786,0.6139054529803699,很高,mhou@example.org,15343675480,江苏省福州市闵行潮州路M座 351912
53,陈洁,女,28,普通读者,高中,2021-08-19,"小说,文学,艺术","小说-青春,小说-奇幻,小说-历史,文学,艺术",4.973760938159446,0.4680489543907992,中,yan69@example.net,18653326301,山东省合肥市清浦张路d座 788683
54,黄琴,女,42,普通读者,大专,2023-07-23,经管,经管,3.883590560470021,0.6937615406363129,中,min49@example.org,15195167958,浙江省秀英市清城罗路C座 959178
55,支辉,男,22,普通读者,高中,2023-11-03,艺术,艺术,4.842675296866075,0.4330641154979,高,ddong@example.com,15058248934,江西省成都市新城张街I座 997543
56,何琳,女,19,普通读者,本科,2020-10-12,"艺术,生活","艺术,生活",3.612267313591639,0.5340903363446994,低,chao16@example.net,13342742101,吉林省凯市上街六安路C座 156546
57,黄欣,女,7,普通读者,小学,2020-08-29,"艺术,经管,生活","艺术-设计,艺术-建筑,经管-商业,经管-投资,经管-市场营销,生活-烹饪",4.305642735775729,0.28902533617367987,高,qiangfan@example.org,18236627304,天津市小红县永川孙路V座 367239
58,刘建国,男,23,研究人员,本科,2021-09-21,"小说,文学,艺术","小说,文学-古典文学,文学-现代文学,艺术-绘画,艺术-音乐,艺术-电影",3.3897009207103777,0.7984826779775007,很高,haolei@example.com,15883700018,新疆维吾尔自治区秀芳市梁平南昌路e座 685809
59,宋娜,女,23,普通读者,本科,2022-12-23,"科学技术,文学,人文社科","科学技术-医学,科学技术-计算机,科学技术-地理,文学-古典文学,人文社科-法律,人文社科-教育",3.0997652828312194,0.9543627755804747,低,oliang@example.com,14598365521,贵州省秀华县双滦武街f座 641804
60,王秀华,女,24,学生,高中,2022-01-30,科学技术,科学技术-医学,3.720348265342332,0.7372393286657735,很高,huanglei@example.org,15720299454,陕西省建华县西峰澳门街v座 675716
61,张桂兰,女,31,学生,小学,2022-04-16,经管,经管-市场营销,3.4628338136674333,0.8851522807817425,很高,mingchang@example.org,13742946335,四川省云县沙湾杭州路u座 223844
62,杜博,男,21,学生,大专,2022-05-15,"科学技术,经管,艺术","科学技术-物理,科学技术-化学,经管-投资,艺术-绘画,艺术-音乐,艺术-设计",3.9788975282893344,0.8107412056748955,很高,wei73@example.net,15136375381,台湾省金凤县沈北新贵阳路x座 961069
63,潘萍,女,29,专业人士,大专,2021-03-30,经管,经管,4.5604300329505545,0.318124276648195,低,houfang@example.net,15964677903,新疆维吾尔自治区丽市吉区周街Y座 812424
64,何桂荣,女,35,专业人士,硕士,2021-01-18,"小说,生活","小说-科幻,小说-历史,生活-烹饪,生活-园艺",4.751533708372309,0.31362272477242115,高,ssong@example.org,18255547831,湖北省贵阳市南溪南昌路u座 529068
65,贾志强,男,47,学生,大专,2024-03-03,"小说,经管,科学技术","小说-爱情,小说-科幻,经管-投资,科学技术-天文,科学技术-地理",3.8066218988331344,0.5452603595254155,高,zwen@example.org,18565492526,安徽省柳州市淄川田街P座 486165
66,王龙,男,21,学生,高中,2022-07-05,人文社科,人文社科,3.109376885236395,0.6264959941578409,中,jun03@example.org,13816384182,山西省佳市华龙张路g座 636421
67,宋楠,男,16,学生,初中,2023-02-10,人文社科,"人文社科-心理学,人文社科-哲学,人文社科-历史",3.9377372351046906,0.838004409679286,高,taotan@example.net,14583927065,四川省齐齐哈尔市新城贾路Q座 824675
68,杜红梅,女,18,学生,高中,2023-10-13,"人文社科,科学技术","人文社科-教育,人文社科-法律,人文社科-经济,科学技术",4.610006420807888,0.20906877025449275,高,yang81@example.org,18814268093,湖北省沈阳县静安刘街u座 952576
69,周春梅,女,24,普通读者,大专,2022-02-09,"文学,生活,艺术","文学-古典文学,文学-戏剧,文学-现代文学,生活-烹饪,生活-旅行,生活-健康,艺术-电影,艺术-音乐,艺术-摄影",2.6405558378279803,0.3308187523635193,高,xiulan64@example.net,18595698846,河北省昆明市静安郑州路J座 380141
70,林飞,男,2,学生,初中,2020-06-29,经管,"经管-市场营销,经管-商业",3.9526653540026593,0.9340843713820266,高,fang09@example.com,15953472466,海南省乌鲁木齐市萧山张路W座 683415
71,武龙,男,16,学生,初中,2023-01-27,"经管,科学技术,生活","经管,科学技术-数学,生活",3.5403852917661176,0.6188077139304275,高,ldeng@example.net,15770344354,陕西省福州县房山谭街s座 688337
72,韩晶,女,40,学生,本科,2023-11-26,经管,"经管-金融,经管-管理,经管-创业",3.7697453265209595,0.8897724353780977,高,laigang@example.net,13441690098,重庆市拉萨市大兴李路l座 751306
73,徐鹏,男,19,学生,高中,2021-09-09,"文学,人文社科","文学-戏剧,文学-古典文学,文学-现代文学,人文社科",3.9022007491474375,0.7678870566856135,高,mzheng@example.net,18908151593,海南省红县清河南京路Z座 350344
74,田东,男,30,学生,大专,2021-07-03,"艺术,经管,人文社科","艺术-绘画,艺术-设计,经管-创业,人文社科-法律,人文社科-政治",3.1590600573466503,0.7080263964517578,中,yonghou@example.org,18870064062,澳门特别行政区军县大兴丁路n座 531025
75,罗平,男,51,学生,硕士,2022-02-25,"科学技术,经管,艺术","科学技术-地理,科学技术-数学,科学技术-天文,经管-创业,经管-商业,经管-市场营销,艺术-设计",3.2781609242449035,0.639363984933357,高,yong84@example.org,18720510503,香港特别行政区齐齐哈尔市大兴张路h座 936735
76,陈雪,女,57,专业人士,本科,2023-03-22,"文学,科学技术","文学-散文,文学-外国文学,文学-诗歌,科学技术-地理,科学技术-生物,科学技术-物理",2.128345276287517,0.2580822495527992,中,min64@example.com,13296398496,香港特别行政区辉市平山梧州路L座 363910
77,赵红梅,女,13,学生,小学,2021-03-15,"文学,艺术,科学技术","文学-外国文学,文学-现代文学,艺术,科学技术-医学,科学技术-计算机",3.3121133853282245,0.8262539348356636,高,llei@example.com,13624216378,湖北省兴城县静安万街p座 133670
78,方浩,男,24,学生,大专,2021-04-09,科学技术,"科学技术-天文,科学技术-生物,科学技术-物理",3.006897819491685,0.9485507452988398,很高,wei76@example.org,15749265640,海南省秀荣市蓟州王路E座 430153
79,刘秀芳,女,3,学生,小学,2021-10-01,"文学,艺术,人文社科","文学-散文,文学-古典文学,文学-外国文学,艺术,人文社科-教育,人文社科-社会学,人文社科-哲学",3.151823957873357,0.8314164397423114,中,hanming@example.net,13698155566,安徽省兴城县西峰上海路Q座 884258
80,郭强,男,9,专业人士,初中,2020-11-02,"科学技术,小说,人文社科","科学技术-地理,科学技术-计算机,小说-悬疑推理,小说-奇幻,人文社科-政治,人文社科-哲学",3.161932705262409,0.8927028066601579,低,guiying93@example.net,13222695019,四川省玉梅县东丽香港街Z座 921415
81,蒲坤,男,34,学生,高中,2021-10-19,"生活,艺术","生活,艺术-建筑,艺术-绘画,艺术-电影",3.564046093901005,0.9652926774087578,高,shenyang@example.org,13206040430,海南省艳市怀柔王街b座 779691
82,贾强,男,35,普通读者,硕士,2023-03-16,"人文社科,生活,经管","人文社科-心理学,生活-旅行,生活-家居,经管",3.786297349524923,0.8468340249398507,低,jsong@example.com,15117274616,江西省北京市城北柳州街n座 641036
83,羊杨,男,9,普通读者,初中,2022-12-01,"科学技术,生活,经管","科学技术,生活-育儿,经管-商业,经管-管理",3.390402347820915,0.8509010994083681,中,azhang@example.com,15014344442,广东省海口县朝阳荆门路W座 204402
84,张波,男,20,普通读者,本科,2022-01-14,"文学,人文社科","文学-古典文学,文学-戏剧,人文社科-社会学,人文社科-心理学",3.682212023866782,0.5982541962491797,高,yang74@example.org,18263434292,四川省佛山市双滦王街e座 867772
85,刘勇,男,4,学生,初中,2022-03-26,生活,生活,3.984014603214078,0.6977086719325281,高,pingyang@example.org,18757225562,广东省海口县滨城武汉街Y座 273207
86,吴宇,男,26,学生,本科,2021-12-27,"小说,生活","小说-奇幻,小说-历史,生活-家居,生活-健康,生活-旅行",2.3628209477414384,0.24526006958344826,很高,mingzhang@example.org,13841093600,吉林省勇市浔阳陈路D座 406099
87,区伟,男,48,学生,本科,2022-06-17,生活,生活,2.8259125028492957,0.2904447606035826,很高,xiuyingyin@example.net,14536904139,山西省霞市南溪谢街s座 374086
88,张鑫,男,66,研究人员,硕士,2023-05-06,"艺术,人文社科","艺术-设计,艺术-电影,艺术-绘画,人文社科-心理学,人文社科-社会学,人文社科-历史",3.572340794049464,0.7887023505848889,很高,jingshi@example.com,13476167213,台湾省西宁市兴山郑州路X座 890257
89,李亮,男,29,学生,初中,2024-02-23,小说,小说-悬疑推理,3.020764513625107,0.41365484454757195,高,taodong@example.net,18202810269,河南省阜新市涪城成都路x座 865440
90,殷俊,男,4,研究人员,小学,2021-05-16,生活,"生活-家居,生活-烹饪,生活-园艺",3.7857911854841646,0.7983807930733084,很高,mengna@example.com,15060690994,西藏自治区荆门县六枝特陈路t座 764127
91,陆帅,男,44,教师,硕士,2022-08-29,"文学,艺术,科学技术","文学-现代文学,文学-诗歌,文学-戏剧,艺术,科学技术-天文,科学技术-医学",3.6428726465891748,0.6797232821514367,低,tao47@example.com,13485632816,台湾省秀珍县友好沈阳街z座 573161
92,刘英,女,19,学生,本科,2022-06-06,"科学技术,经管","科学技术,经管-创业,经管-市场营销",3.4101229099276225,0.6533060034395841,高,min27@example.com,13280549559,河南省通辽市南湖薛路s座 399919
93,尹桂花,女,28,研究人员,本科,2020-04-14,"人文社科,小说,经管","人文社科-心理学,人文社科-法律,人文社科-政治,小说-武侠,小说-爱情,经管",2.874282248511031,0.46228930762695575,低,tangna@example.net,15165562060,江苏省莹市长寿施街R座 387966
94,兰成,男,18,普通读者,大专,2022-06-25,"艺术,生活","艺术-设计,生活-家居,生活-旅行",3.5542357542680554,0.5342439157679266,中,chentao@example.com,14749686216,香港特别行政区阜新市城北姜路A座 451237
95,周倩,女,17,专业人士,初中,2023-03-19,生活,生活-烹饪,3.0066290191851954,0.717751660694131,很高,chaowen@example.org,13447067858,内蒙古自治区红梅县上街刘路J座 120815
96,鲁阳,男,7,普通读者,初中,2023-04-29,文学,"文学-诗歌,文学-戏剧,文学-散文",3.9545558253392126,0.5232430761988127,低,gang47@example.com,15247767404,河南省通辽县沈河刘街v座 455209
97,聂岩,男,32,研究人员,硕士,2022-09-30,小说,"小说-历史,小说-科幻",4.771192522742767,0.3387067582405897,高,leijin@example.net,18601560897,西藏自治区涛市丰都辽阳街e座 904512
98,柏英,女,21,学生,高中,2020-06-22,科学技术,"科学技术-数学,科学技术-生物",2.6841753707705234,0.20979637663305692,中,zhouchao@example.net,18635776458,甘肃省香港县高明荆门路q座 777122
99,叶玉兰,女,29,学生,初中,2022-06-09,"艺术,经管","艺术-音乐,艺术-建筑,艺术-绘画,经管-投资",3.125555397405688,0.22816594367104634,很高,mlong@example.net,15598442288,江西省超县高坪辛街f座 443298
100,祝云,女,16,专业人士,高中,2023-02-05,"小说,生活,文学","小说-武侠,小说-爱情,小说-奇幻,生活-育儿,生活-家居,生活-烹饪,文学",3.056431857856056,0.4223178805643938,高,caoyang@example.com,15388683291,福建省慧市清河淮安街m座 828385
101,黄丽,女,43,学生,大专,2022-06-17,"文学,生活","文学-外国文学,文学-现代文学,生活",3.227818862362378,0.4153576523964537,中,chaofeng@example.com,15333944879,广东省旭县崇文王街j座 315707
102,张强,男,37,学生,大专,2021-11-25,"文学,经管","文学,经管-金融",3.020336188904642,0.6244336851542522,高,zhufang@example.net,15388694968,天津市建国市秀英潮州街s座 292187
103,陈霞,女,25,研究人员,博士,2022-04-30,"小说,经管,生活","小说-武侠,小说-爱情,经管-金融,经管-创业,生活-烹饪,生活-园艺,生活-健康",2.52169052769869,0.46000905558376454,高,yanmin@example.org,13909755896,新疆维吾尔自治区军市门头沟李街u座 305147
104,赵芳,女,16,专业人士,高中,2021-05-05,"经管,文学","经管-商业,经管-管理,经管-投资,文学-戏剧,文学-散文,文学-诗歌",4.27544616565183,0.37396087093081976,高,jiangjie@example.com,13655146798,北京市天津市普陀柳州街h座 476047
105,张飞,男,7,普通读者,小学,2022-05-15,"艺术,文学,生活","艺术,文学-散文,文学-诗歌,文学-戏剧,生活-健康,生活-家居",3.1962416648876335,0.38275017254341204,低,lianggang@example.org,15887166461,黑龙江省合肥市秀英林路K座 429050
106,曾欣,女,34,教师,博士,2021-02-03,"生活,小说","生活-园艺,生活-育儿,小说-科幻",3.7143648329908885,0.6446601279767432,高,wuping@example.net,18093815671,新疆维吾尔自治区通辽县浔阳呼和浩特路S座 812692
107,张亮,男,23,专业人士,硕士,2022-09-29,"科学技术,文学,经管","科学技术,文学-戏剧,文学-古典文学,经管-创业,经管-商业,经管-市场营销",4.935026495413083,0.21046396092196107,高,xiulan09@example.org,15650580515,甘肃省想市沈北新李路l座 402737
108,刘华,男,19,学生,高中,2023-07-01,"文学,人文社科","文学-古典文学,人文社科-历史,人文社科-哲学,人文社科-教育",3.683746311966885,0.571449739417742,高,lixiang@example.org,18560126244,重庆市婷县江北关岭街I座 386802
109,刘倩,女,41,学生,本科,2021-07-01,"经管,人文社科","经管-金融,人文社科-法律,人文社科-社会学,人文社科-政治",4.1321074939731535,0.33345175935089644,高,nagao@example.com,14586129016,河南省沈阳县普陀通辽路y座 314831
110,叶强,男,17,普通读者,高中,2022-09-07,"小说,艺术,人文社科","小说-武侠,小说-恐怖,艺术-建筑,艺术-电影,人文社科-哲学,人文社科-教育,人文社科-心理学",3.1819665434953133,0.45074327186992164,低,ahuang@example.org,15587644066,湖北省建平市魏都邯郸街K座 729830
111,陈丽丽,女,38,研究人员,博士,2022-05-04,"艺术,小说","艺术,小说-爱情,小说-武侠,小说-恐怖",3.2360855956851444,0.5165379241365498,低,yinjie@example.net,13322705787,澳门特别行政区汕尾市西峰柳州路q座 600666
112,郑帆,男,31,专业人士,本科,2020-12-16,"艺术,科学技术","艺术-音乐,艺术-设计,艺术-绘画,科学技术-化学",4.586557438088072,0.3687295692652012,很高,guiyingfan@example.com,18990864796,辽宁省西宁市高港东莞街T座 957299
113,方小红,女,2,学生,小学,2020-05-01,"人文社科,经管,艺术","人文社科-心理学,经管,艺术",3.6989013122039056,0.995884277295978,中,yongsun@example.com,18577029483,海南省哈尔滨县静安惠州路l座 153105
114,吴成,男,1,学生,小学,2023-12-23,小说,"小说-奇幻,小说-青春,小说-历史",3.815882574860061,0.930356532209718,中,chao10@example.org,14792510412,北京市兰州市锡山成街t座 291055
115,李桂芳,女,10,普通读者,初中,2020-12-15,"科学技术,艺术","科学技术-物理,科学技术-计算机,科学技术-数学,艺术-音乐",3.220700308597588,0.5781851435857671,低,yong05@example.net,15081965466,浙江省哈尔滨县怀柔东莞路K座 541400
116,符桂芝,女,32,专业人士,大专,2021-03-27,文学,"文学-古典文学,文学-散文,文学-现代文学",3.7361199066138644,0.5272849766231306,中,plong@example.net,18124549485,湖北省娟市牧野嘉禾路B座 376711
117,蒋红霞,男,37,学生,本科,2022-03-02,"文学,艺术,生活","文学-古典文学,文学-外国文学,文学-现代文学,艺术-绘画,艺术-音乐,艺术-建筑,生活-烹饪",3.122137174846777,0.9771320675890787,中,ping28@example.org,13658669083,湖北省桂香县普陀胡路p座 326169
118,林敏,女,11,教师,小学,2023-09-22,小说,小说,3.930817819794791,0.7793975758483633,高,caoqiang@example.net,13917304958,福建省帅县梁平蒙路B座 700012
119,张淑珍,女,19,学生,高中,2023-09-25,"科学技术,人文社科","科学技术-生物,人文社科-心理学,人文社科-经济",2.303078470791351,0.4125169662584587,高,guguiying@example.com,13704662091,陕西省巢湖市普陀武汉路b座 372392
120,刘桂珍,女,26,专业人士,本科,2022-11-07,"小说,艺术","小说-青春,艺术-建筑,艺术-音乐",2.8901670814694667,0.4077209640001984,高,guiying74@example.com,15825649438,河南省敏县清河西宁街b座 615094
121,陈欢,男,38,学生,大专,2020-06-18,"生活,人文社科,经管","生活,人文社科-教育,人文社科-法律,经管",3.324675685263573,0.28991753756380223,高,houli@example.org,18798246360,江苏省健市华龙张街N座 723341
122,白宁,男,5,普通读者,小学,2023-06-28,"文学,生活","文学-散文,文学-现代文学,生活-园艺,生活-烹饪",3.829963724984295,0.6667635448599405,中,etang@example.net,13200880020,天津市南宁市南溪亓路v座 331488
123,兰红,女,45,研究人员,本科,2023-02-04,"艺术,人文社科","艺术-设计,人文社科-社会学",3.1788629221382756,0.5488720585751533,高,wei64@example.org,13384690426,浙江省郑州县怀柔杨街w座 700970
124,朱帅,男,29,普通读者,高中,2022-04-02,小说,小说,3.0960385112576345,0.3882830369718931,低,zhengyong@example.com,13222463272,宁夏回族自治区畅县龙潭齐齐哈尔路s座 365814
125,杨宇,男,33,学生,本科,2021-11-08,"科学技术,人文社科,文学","科学技术,人文社科-经济,人文社科-政治,文学-戏剧,文学-现代文学,文学-外国文学",3.019309171913088,0.6262814991790313,中,songjing@example.com,18075209102,甘肃省潮州县萧山刘街e座 799000
126,杨桂香,女,45,学生,大专,2020-03-25,科学技术,科学技术-物理,2.2037562333539866,0.38145228787999746,中,xia32@example.com,18683256060,黑龙江省丽县沙市东莞街J座 317127
127,景凤兰,女,17,普通读者,高中,2023-06-08,生活,"生活-旅行,生活-健康",4.704232233375189,0.24595170681612688,中,ogu@example.net,18836764944,台湾省长春县江北梁路l座 339741
128,贺浩,男,36,普通读者,本科,2021-05-14,"文学,生活,人文社科","文学-戏剧,文学-散文,生活-烹饪,生活-家居,生活-健康,人文社科",3.374334220535936,0.9115069932992349,高,nxie@example.org,15938244851,江苏省呼和浩特县海陵辽阳街t座 324903
129,王建国,男,34,普通读者,初中,2020-10-28,"经管,人文社科,艺术","经管-管理,经管-创业,人文社科-法律,人文社科-教育,艺术-电影,艺术-设计",3.0511739749122793,0.912798505483875,中,zhengguiying@example.net,15337215500,澳门特别行政区璐市闵行邓街G座 158967
130,刘建,男,5,研究人员,初中,2024-02-28,生活,"生活-园艺,生活-旅行",3.6426544578228746,0.7039689676260263,中,xiulan96@example.net,15192649836,山东省红梅县清城成都街e座 369929
131,柏玉兰,女,46,研究人员,本科,2023-09-23,"文学,小说","文学-现代文学,小说-奇幻,小说-科幻",3.067852463846016,0.7733552955108047,高,weidu@example.net,18684944081,吉林省红梅县南溪潮州路c座 227485
132,袁志强,男,31,专业人士,硕士,2022-08-18,生活,生活,4.8344102263770665,0.47302760449149406,中,naxie@example.com,14541357021,内蒙古自治区齐齐哈尔市沈河太原街X座 838862
133,董辉,男,41,专业人士,本科,2023-06-27,人文社科,"人文社科-社会学,人文社科-历史",4.524524575894731,0.21336364000074787,中,guiyingsun@example.net,13188357543,浙江省海口市花溪阜新路G座 709612
134,孙瑜,女,32,学生,初中,2020-08-30,"生活,艺术","生活-健康,艺术",3.3170149398337445,0.8335935197708714,中,rhan@example.com,18529999261,江西省帅县西峰孙街b座 644236
135,桑莹,女,47,普通读者,本科,2021-01-26,"文学,经管","文学-现代文学,经管-市场营销,经管-投资,经管-管理",3.977785105696251,0.6364043379663347,中,dtao@example.net,15697137077,北京市南京县朝阳台北路z座 628492
136,方楠,男,27,学生,高中,2023-03-14,"艺术,人文社科","艺术-建筑,人文社科-历史,人文社科-心理学",3.2432597123406905,0.8393017654180976,中,duanming@example.com,15386160986,福建省畅县门头沟明路U座 538626
137,刘建国,男,12,研究人员,小学,2020-11-05,小说,小说-武侠,3.67949593883354,0.5659931759504078,高,yanzou@example.com,13621399346,辽宁省合肥市普陀刘路Y座 396263
138,马宁,男,24,研究人员,硕士,2022-10-04,"人文社科,科学技术","人文社科,科学技术-数学,科学技术-天文,科学技术-医学",3.618157007813701,0.8129222253391731,高,gang90@example.org,13855134663,河南省邯郸市清河石家庄街X座 314519
139,卢秀珍,女,19,学生,高中,2021-07-17,"生活,文学,人文社科","生活-园艺,生活-烹饪,文学,人文社科-哲学,人文社科-经济",3.3161878025937663,0.8235289213482488,高,juanqin@example.org,15201278011,黑龙江省玉华县门头沟荆门路U座 882402
140,张鑫,男,32,研究人员,博士,2020-10-31,"经管,生活","经管,生活",3.7521492345748153,0.5573031559247184,中,xietao@example.net,13143457577,江苏省佛山市静安北京路v座 278828
141,洪龙,男,18,研究人员,高中,2020-09-19,"小说,生活,艺术","小说-恐怖,小说-爱情,生活,艺术-设计,艺术-摄影",2.0094750082843134,0.47255497651699396,中,yilei@example.org,14501234924,海南省飞县花溪澳门街Y座 927930
142,赵峰,男,14,普通读者,初中,2020-08-01,"文学,小说,经管","文学,小说,经管-管理,经管-创业,经管-金融",3.177026135824742,0.8863693489614726,高,gangqin@example.com,13937082705,海南省石家庄县高明吕路J座 620302
143,马秀云,女,48,学生,大专,2020-12-09,"生活,科学技术","生活,科学技术-地理,科学技术-物理,科学技术-生物",3.7936104795161834,0.579214930285535,中,jiegu@example.com,14552717122,天津市勇县龙潭邯郸街a座 233501
144,邓桂花,女,10,专业人士,初中,2023-03-12,科学技术,科学技术-化学,3.8932333462936017,0.5684947397320566,中,tzhang@example.com,13772670626,山西省南京县魏都汕尾路j座 374071
145,柯岩,男,21,学生,高中,2021-03-29,"经管,科学技术,小说","经管,科学技术-医学,小说-恐怖,小说-青春,小说-奇幻",3.6190939665365622,0.9413760586502267,高,zhongjun@example.com,13115794479,宁夏回族自治区嘉禾县高坪萧街z座 420489
146,刘利,男,43,学生,大专,2020-10-02,"艺术,生活,人文社科","艺术-设计,艺术-音乐,生活-旅行,人文社科-经济",3.168793070297627,0.9190488079087551,高,longyang@example.com,13779015155,山东省柳州县沙市潮州街l座 265149
147,张凤兰,女,41,专业人士,大专,2021-06-29,"艺术,人文社科","艺术-电影,艺术-摄影,人文社科-社会学",3.031368967131957,0.6237585505805143,中,jie61@example.com,15809436529,海南省六安市和平陈街e座 180464
148,姚莉,女,4,普通读者,小学,2020-06-17,经管,经管,3.439618139740574,0.24759379690302646,中,wwan@example.org,15871558703,贵州省鑫县涪城南京路p座 582084
149,赵丽娟,女,35,学生,小学,2023-01-24,文学,文学,4.462217532892777,0.4672196957343,高,xia46@example.com,13422322787,甘肃省桂芝县白云蔡街l座 977197
150,叶秀梅,女,4,普通读者,小学,2020-04-19,艺术,"艺术-绘画,艺术-电影,艺术-设计",3.1325399340655724,0.2167388496574293,低,weiduan@example.net,15657723331,甘肃省石家庄市南湖刘路d座 343790
151,萧桂花,女,33,普通读者,本科,2021-09-21,小说,小说-恐怖,3.960141579121945,0.8533084481720616,中,ksong@example.net,13685194268,台湾省北镇县朝阳陈街d座 434360
152,张雪梅,女,30,学生,初中,2022-06-20,"小说,人文社科,经管","小说-悬疑推理,小说-恐怖,人文社科-社会学,经管",2.483239207796147,0.49880996463498267,高,yang67@example.net,13223004631,湖南省淑兰县普陀林路R座 129329
153,田博,男,19,普通读者,本科,2021-12-31,人文社科,人文社科-政治,4.7394980445826835,0.27727636886047774,中,jingguo@example.org,14500187809,河北省梅市沙湾蔡街S座 356523
154,兰春梅,女,31,普通读者,硕士,2021-11-22,"生活,艺术","生活,艺术-音乐,艺术-电影",4.299639233374218,0.44266307817832556,低,xiaxia@example.org,14523315162,辽宁省平县徐汇辛集路L座 487041
155,周鑫,男,43,学生,本科,2021-04-23,生活,"生活-健康,生活-园艺",3.6928306884996225,0.6978729166780373,很高,kxie@example.org,13412741209,新疆维吾尔自治区成市金平佛山路D座 636475
156,崔丹丹,女,39,普通读者,本科,2022-05-28,人文社科,"人文社科-经济,人文社科-心理学,人文社科-哲学",4.462580102275227,0.3935383389279681,中,plu@example.com,15973487558,陕西省关岭市崇文北京街b座 174606
157,王秀荣,女,60,学生,大专,2024-02-08,"科学技术,文学","科学技术-物理,科学技术-医学,文学",3.9796200407716222,0.7089535192186662,中,chaolu@example.com,15526803725,河南省波县沈河哈尔滨街O座 689887
158,惠红霞,男,10,普通读者,小学,2021-10-04,"小说,科学技术","小说-武侠,科学技术-物理,科学技术-化学,科学技术-医学",4.206656533769237,0.3583027498040957,中,mmo@example.org,14583437362,辽宁省兰州市和平叶街P座 906619
159,陶玲,女,48,学生,本科,2020-03-28,"小说,经管","小说-恐怖,小说-爱情,经管-创业,经管-金融",3.053135410938754,0.6221609030963391,低,yan12@example.org,13217874499,浙江省明市普陀合肥街t座 299055
160,苏敏,女,30,普通读者,本科,2020-08-21,"小说,人文社科","小说-恐怖,小说-武侠,人文社科-历史",3.2444967806855227,0.49955364726399726,中,lizhong@example.net,13026994423,辽宁省哈尔滨市崇文沈阳路g座 964515
161,潘桂芳,女,25,普通读者,本科,2022-06-02,"文学,小说,经管","文学,小说-科幻,小说-恐怖,小说-爱情,经管-金融,经管-市场营销",4.223898424343715,0.4714249430512339,高,ggong@example.org,13236096689,贵州省南宁市长寿梧州路t座 472035
162,蔡伟,男,53,研究人员,本科,2022-09-19,经管,"经管-管理,经管-金融,经管-商业",2.3725386428627027,0.33255343286104766,中,xia53@example.net,13979069613,内蒙古自治区马鞍山县高港宜都路u座 848807
163,杨志强,男,36,普通读者,硕士,2023-02-08,"经管,小说","经管-金融,经管-商业,小说-悬疑推理,小说-武侠",4.567031383448452,0.49120216876472345,很高,shaoguiying@example.org,13512977733,江苏省旭市城东蒋路g座 206184
164,彭飞,男,28,研究人员,博士,2023-02-05,"生活,小说,艺术","生活-家居,生活-健康,小说-青春,艺术-设计,艺术-电影",4.723083712984657,0.2583149774028033,高,qiangxie@example.net,18048565963,重庆市坤市上街永安街j座 669092
165,徐红霞,男,37,学生,本科,2021-05-02,小说,小说-奇幻,3.0118984605381542,0.8161015737022896,高,xiulan48@example.com,13350180185,内蒙古自治区玉英市秀英北镇街F座 685644
166,陈俊,男,27,专业人士,大专,2021-07-20,"生活,艺术,文学","生活,艺术-摄影,艺术-音乐,艺术-绘画,文学",4.722593479138557,0.3527760350138047,中,jieliu@example.net,15050566422,内蒙古自治区秀芳市上街高街K座 786498
167,刘林,男,58,普通读者,高中,2022-01-30,"科学技术,艺术","科学技术,艺术",3.893714674546897,0.9348825197193472,高,longping@example.net,13541428328,吉林省柳州市高坪惠州街L座 983952
168,陈桂花,女,44,学生,大专,2022-10-15,"经管,艺术,文学","经管-创业,经管-商业,经管-市场营销,艺术-电影,艺术-摄影,文学-戏剧",4.656854983268158,0.2756819324699129,高,pinglin@example.com,13056101813,陕西省宜都市花溪邓街w座 846411
169,朱帆,男,21,学生,高中,2021-11-02,"科学技术,艺术","科学技术,艺术-绘画,艺术-电影,艺术-建筑",3.656024746520746,0.7561777555091298,高,xiawen@example.org,15194088416,福建省秀芳县吉区孙路v座 292569
170,黄丹丹,女,6,普通读者,初中,2020-12-05,"小说,文学","小说-悬疑推理,小说-历史,文学-外国文学,文学-现代文学,文学-古典文学",3.2796372636594944,0.6495545479352292,高,mingkang@example.org,15592642541,台湾省丽华市翔安陈路B座 955268
171,李雷,男,42,学生,本科,2023-04-07,小说,小说,3.137669249159793,0.7962650681378269,中,ihu@example.net,14509348553,浙江省莹县安次周路h座 455096
172,刘秀珍,女,10,普通读者,初中,2021-10-27,人文社科,人文社科-历史,3.9861025174829487,0.7201967043172086,中,oyu@example.org,15655723307,广西壮族自治区澳门市友好沈街F座 698584
173,严楠,男,42,教师,本科,2022-11-24,"生活,经管,人文社科","生活-健康,生活-烹饪,经管-商业,经管-投资,人文社科",3.867256436752058,0.6125272690871785,中,yangyang@example.com,13250391942,青海省大冶市淄川刘街p座 837686
174,李颖,女,3,专业人士,初中,2023-07-25,"生活,文学,科学技术","生活-园艺,文学-戏剧,科学技术-地理,科学技术-化学,科学技术-天文",3.6026015151335877,0.88044858449599,高,xren@example.org,13447739537,山西省石家庄县平山冷路s座 401551
175,何艳,女,37,学生,本科,2023-12-22,"科学技术,文学,生活","科学技术,文学-古典文学,文学-诗歌,文学-现代文学,生活-园艺,生活-健康,生活-旅行",4.965996199370871,0.45242904137567475,很高,yding@example.net,15283959117,青海省天津市华龙荆门街Y座 622580
176,潘丹丹,女,31,学生,大专,2021-02-15,"科学技术,艺术","科学技术-数学,科学技术-医学,艺术-音乐,艺术-摄影",3.0221160372171307,0.9750944277669256,高,zren@example.com,18016286534,云南省宇市锡山苏街k座 175533
177,梁玉珍,女,61,普通读者,高中,2020-10-06,"科学技术,经管","科学技术-物理,科学技术-天文,经管-投资",3.382943669765451,0.5794870770684717,高,icui@example.net,15706447919,云南省峰县南湖邹路t座 433036
178,王文,男,7,教师,小学,2022-10-26,"人文社科,生活,经管","人文社科-心理学,人文社科-经济,人文社科-社会学,生活,经管-创业,经管-市场营销",3.485071354519757,0.6473015154650505,很高,nahu@example.org,15224420124,黑龙江省太原市南湖拉萨路S座 613645
179,靳帅,男,28,学生,大专,2020-06-01,经管,"经管-管理,经管-商业,经管-金融",3.7866001881915548,0.7261438575545668,中,xcheng@example.com,13777120443,重庆市波县永川贵阳路V座 828696
180,伏帅,男,18,普通读者,大专,2022-08-21,"人文社科,生活,小说","人文社科-哲学,生活-烹饪,小说-历史",4.319787030630099,0.4955672225311624,高,leizhou@example.net,13468362508,湖南省长春市黄浦雷街h座 800173
181,宋霞,女,30,普通读者,本科,2022-09-20,"人文社科,生活,艺术","人文社科-哲学,生活-园艺,生活-育儿,艺术-设计,艺术-摄影,艺术-建筑",2.5247100627778307,0.47711481022184965,高,min80@example.org,13994105498,黑龙江省长春县门头沟南宁街y座 187248
182,黄飞,男,53,学生,硕士,2023-04-11,"文学,小说","文学-诗歌,文学-散文,文学-古典文学,小说-科幻",4.651063548845012,0.30235158095670445,高,liaoqiang@example.net,13616908716,新疆维吾尔自治区潮州市高港吴街y座 253913
183,游颖,女,26,学生,初中,2020-05-06,科学技术,科学技术,3.711815235321166,0.6605829202178914,中,jing88@example.net,18520960481,吉林省春梅县魏都长春街b座 706351
184,高杨,男,29,学生,硕士,2021-08-13,"文学,小说","文学-古典文学,小说",3.1424934396452566,0.8679212507951961,高,ocui@example.net,18615815171,广西壮族自治区柳市西峰顾街V座 386292
185,章浩,男,37,学生,高中,2021-04-13,"文学,科学技术","文学-外国文学,科学技术-化学,科学技术-数学,科学技术-医学",3.3008234569901185,0.2844237537189249,很高,jingtian@example.com,15863934334,天津市龙市沈河庞路R座 869569
186,杨建平,男,34,专业人士,大专,2021-12-11,"人文社科,艺术,科学技术","人文社科,艺术-建筑,科学技术-医学,科学技术-计算机,科学技术-天文",3.067271007621164,0.459369088148578,高,uyi@example.net,18704134904,四川省重庆市朝阳孙路i座 709479
187,马桂珍,女,17,学生,高中,2022-12-12,"小说,生活","小说-青春,小说-武侠,小说-悬疑推理,生活-旅行,生活-健康",4.944612958269189,0.3830246088176513,中,nacui@example.org,18730370055,山西省嘉禾县西峰合山街G座 506434
188,邵平,男,15,学生,高中,2020-03-11,"科学技术,经管","科学技术,经管",3.3260441404562506,0.6166047684560036,中,ixiong@example.net,14561193413,北京市张家港市魏都林路s座 565312
189,路婷,女,4,学生,小学,2023-02-05,经管,经管-商业,3.7908139933431704,0.5555859173597706,高,xiuyingyang@example.org,13161539672,北京市帅县新城刘路J座 643790
190,杨淑兰,女,26,学生,大专,2023-03-09,"文学,经管,人文社科","文学-古典文学,文学-戏剧,文学-现代文学,经管-市场营销,人文社科",3.183593616302513,0.5391962703607172,很高,chaojiang@example.net,13913251021,澳门特别行政区拉萨市西夏北镇街z座 281442
191,李娟,女,50,学生,硕士,2023-12-16,科学技术,"科学技术-化学,科学技术-计算机",3.183561293755891,0.9642451835362167,低,tianyan@example.org,14753272857,江西省旭县黄浦沈阳路x座 963914
192,刘建国,男,27,学生,硕士,2021-04-21,"生活,人文社科,小说","生活-家居,生活-园艺,生活-旅行,人文社科-政治,人文社科-社会学,小说-历史",4.306784819040771,0.2146990451397658,很高,chao62@example.org,15818876938,云南省洋市南长西安街o座 111801
193,黄桂芳,女,58,学生,高中,2020-10-08,艺术,艺术,3.0023651981101023,0.5175294769886243,高,yang28@example.com,15073340410,台湾省永安市西夏甘路d座 218723
194,陈勇,男,42,学生,大专,2024-02-08,"小说,艺术,经管","小说,艺术-音乐,经管-创业,经管-投资",3.839982926568046,0.5194961174750106,高,jliang@example.com,15576585311,贵州省北京市涪城北镇路i座 268014
195,王明,男,41,学生,硕士,2021-05-08,文学,"文学-现代文学,文学-古典文学,文学-散文",3.5650562249686573,0.9886757759785645,高,ping06@example.com,13225168139,青海省莉市沙市王路r座 301849
196,王丽娟,女,9,学生,初中,2022-04-14,"生活,小说","生活-健康,生活-园艺,小说-爱情",3.6352632837119265,0.5563496511054482,中,xia24@example.org,13416216450,河南省博市南溪田路Q座 472338
197,陈杨,男,42,学生,初中,2023-09-29,小说,小说,4.009971603548448,0.3936344969882264,高,guxiulan@example.net,18176198509,黑龙江省文市东丽深圳街P座 689625
198,王宇,男,7,普通读者,小学,2020-11-27,"人文社科,艺术","人文社科,艺术-音乐",3.258776077145744,0.897104032463024,低,xiuyingtao@example.com,15537641547,宁夏回族自治区海门县滨城六安街B座 289761
199,杨建军,男,73,学生,本科,2022-07-02,人文社科,人文社科,3.0165788924142296,0.2691084290186442,高,pdai@example.org,18849725590,山东省兰州县永川宁德路b座 678055
200,孙岩,男,25,普通读者,本科,2021-05-28,"经管,人文社科","经管-创业,经管-管理,人文社科-教育,人文社科-社会学",3.5472959888960736,0.5226218007182492,中,yaoguiying@example.net,15053547592,吉林省东莞市魏都田街B座 539388
201,刘鹏,男,51,普通读者,本科,2021-08-13,人文社科,"人文社科-教育,人文社科-哲学",3.550355781331253,0.8762195266499337,中,yangzhu@example.org,13355427922,四川省丽华县华龙侯路r座 411810
202,叶莹,女,46,研究人员,本科,2022-01-21,"艺术,经管,文学","艺术-摄影,艺术-音乐,经管,文学-现代文学,文学-外国文学",2.0056985755990686,0.4748161765891907,高,yixiulan@example.com,13066292588,海南省桂芝市长寿六盘水路g座 375281
203,宗玉,女,37,普通读者,硕士,2020-12-25,"生活,科学技术,小说","生活,科学技术-地理,科学技术-生物,小说-奇幻,小说-恐怖,小说-武侠",3.563492835199175,0.8896158063852742,低,izhou@example.org,18177810883,河南省涛市花溪六安路b座 364239
204,蔡桂兰,女,39,学生,高中,2022-05-13,"经管,科学技术","经管-投资,科学技术-医学",3.452925298501355,0.6675511345652508,高,lei15@example.com,13120317611,西藏自治区济南市城东天津街F座 240658
205,李秀珍,女,26,学生,本科,2022-11-08,"文学,科学技术","文学-现代文学,科学技术-生物",4.201515524910859,0.49086734069332666,很高,hzhu@example.com,18029439124,天津市萍市东城赵街W座 871250
206,高斌,男,3,学生,初中,2022-03-19,"小说,经管,艺术","小说-武侠,小说-青春,经管-金融,艺术-电影,艺术-建筑",4.8614942750571695,0.40292967432593985,高,fangren@example.org,14550898508,内蒙古自治区长沙市翔安鞠路S座 974014
207,王东,男,19,普通读者,高中,2022-05-23,"科学技术,文学","科学技术-物理,科学技术-生物,科学技术-数学,文学",3.7285771672544046,0.9384956411006159,高,laiguiying@example.net,14593779165,湖南省伟市丰都大冶街C座 499796
208,扈桂兰,女,47,普通读者,本科,2021-10-08,"人文社科,小说","人文社科-哲学,人文社科-政治,人文社科-教育,小说",3.5482910060948183,0.9851426143500381,低,chaofan@example.com,14711999154,西藏自治区哈尔滨市梁平六盘水街F座 204163
209,黄瑜,女,18,学生,大专,2022-11-28,"文学,科学技术,经管","文学,科学技术,经管-投资",3.9472976099981025,0.9794562280922153,高,gang62@example.com,18759217853,辽宁省昆明县清城党街Y座 363914
210,刘阳,男,34,学生,初中,2020-10-11,"科学技术,人文社科,生活","科学技术-地理,科学技术-生物,人文社科,生活-烹饪,生活-育儿,生活-健康",3.0632278368767025,0.902282701826087,高,swei@example.org,18270259912,新疆维吾尔自治区桂兰县南溪金街m座 137525
211,魏芳,女,39,普通读者,硕士,2021-02-09,科学技术,"科学技术-医学,科学技术-计算机,科学技术-生物",2.3705617586636727,0.20187475010793163,低,chao74@example.com,13298167211,宁夏回族自治区辛集县丰都何街U座 893355
212,孙桂珍,女,53,教师,本科,2021-02-26,生活,生活-健康,2.457212360447007,0.3914050667526407,很高,weiqiao@example.net,18013899028,陕西省倩市翔安萧街w座 824935
213,叶华,男,6,教师,小学,2022-07-23,"艺术,小说,生活","艺术-音乐,小说-武侠,生活-家居,生活-健康",4.24823878519288,0.44999570229929897,很高,caichao@example.com,18686527720,天津市想市吉区关岭街i座 272534
214,杨娜,女,33,普通读者,大专,2022-08-25,"艺术,文学","艺术-绘画,艺术-电影,文学-散文,文学-现代文学,文学-诗歌",3.74467265514136,0.7009910548279468,很高,dingjing@example.com,15103900601,澳门特别行政区潜江县清城余街S座 216216
215,黄峰,男,30,普通读者,大专,2021-01-17,"艺术,科学技术,小说","艺术-设计,科学技术-地理,科学技术-数学,科学技术-计算机,小说-科幻,小说-恐怖",3.8209329500631655,0.6196059218816907,中,wei50@example.net,15340259620,陕西省建平县门头沟海口路a座 764771
216,程宇,男,1,研究人员,初中,2020-05-12,文学,"文学-散文,文学-古典文学,文学-诗歌",3.8234003427137155,0.9427220344799869,高,maomin@example.com,15526788406,台湾省邯郸市兴山昆明路L座 521271
217,吴丽华,女,39,研究人员,硕士,2022-06-27,"艺术,生活","艺术-摄影,艺术-设计,生活-旅行,生活-健康",4.728903617555497,0.49582884511235376,中,cdai@example.net,14512164440,黑龙江省玉珍市合川韩街C座 256996
218,周琴,女,19,学生,大专,2021-05-17,"科学技术,生活","科学技术-化学,生活-家居",3.2149853436078955,0.9325062799888566,高,yonglei@example.com,15775763596,澳门特别行政区六盘水市高坪潜江街d座 833798
219,马玉梅,女,22,学生,本科,2020-12-24,经管,"经管-金融,经管-管理",3.9271855141141656,0.8615899857991405,很高,flai@example.net,13707907798,黑龙江省玉珍市牧野黄路S座 767073
220,周文,男,20,学生,高中,2020-08-02,"人文社科,文学","人文社科,文学-外国文学",3.502780463167123,0.8808764173631576,高,xiaxiulan@example.org,13654657155,贵州省建华市淄川巢湖路E座 975179
221,曹红梅,女,38,教师,博士,2022-03-13,艺术,"艺术-电影,艺术-音乐",3.3344800118265887,0.4189843619973175,中,jielei@example.net,18586277403,澳门特别行政区俊县黄浦呼和浩特路n座 948877
222,何坤,男,63,普通读者,高中,2021-04-27,小说,小说,3.9747207307680696,0.5021344702023931,很高,jun72@example.net,15034488656,广西壮族自治区福州县沙湾陈街U座 266642
223,何利,男,14,学生,初中,2022-04-23,"小说,文学","小说,文学",3.4793694345756854,0.5170542791921269,中,guiying64@example.com,15352188948,广西壮族自治区南京市江北彭路T座 357380
224,周杰,男,50,研究人员,本科,2021-07-15,"艺术,科学技术","艺术-电影,艺术-设计,艺术-音乐,科学技术-天文,科学技术-生物",3.463807550612128,0.7731722085095852,高,yanjia@example.org,13875899580,香港特别行政区丽华市徐汇辛集路A座 887757
225,管帆,男,68,学生,大专,2020-03-13,经管,经管,4.290309362861863,0.2621894013240704,高,ezhu@example.net,18607426504,福建省北京县金平梁街G座 498709
226,王秀云,女,28,学生,初中,2022-10-13,科学技术,"科学技术-物理,科学技术-生物",4.043734978109799,0.34022146412372417,高,yuxiuying@example.org,18030384115,安徽省杭州县梁平王路F座 374404
227,马鹏,男,22,学生,大专,2024-03-02,"艺术,生活,经管","艺术-设计,艺术-电影,生活,经管-管理,经管-金融,经管-商业",3.2284938680822104,0.937979729540033,中,nxiao@example.com,18291166711,山西省乌鲁木齐县江北潜江路F座 994861
228,张桂荣,女,18,学生,本科,2021-06-12,"文学,人文社科","文学-戏剧,文学-古典文学,人文社科",3.20015292683558,0.5229242894660926,高,kduan@example.net,15201192649,北京市雪梅县新城沈阳街m座 623420
229,张建华,男,12,学生,小学,2021-10-31,"小说,经管,生活","小说-恐怖,小说-青春,小说-爱情,经管-管理,经管-商业,经管-投资,生活-育儿,生活-健康",3.877817348931277,0.7607054097588648,高,guiying54@example.net,13504792504,江西省龙市高明六盘水路o座 754252
230,郑峰,男,23,学生,初中,2020-07-13,"艺术,科学技术,文学","艺术-音乐,科学技术-计算机,科学技术-地理,科学技术-物理,文学",3.4822382121056714,0.7238312768124813,中,xiongqiang@example.org,18897917428,湖北省玉英县永川李路S座 565954
231,孙凯,男,27,学生,本科,2020-06-27,"人文社科,文学","人文社科-教育,人文社科-政治,人文社科-社会学,文学-现代文学,文学-散文,文学-古典文学",2.569922685396379,0.4603577414977386,中,qiang04@example.com,13308068365,湖南省巢湖县萧山李路R座 621872
232,韩芳,女,41,普通读者,大专,2022-08-12,"艺术,文学","艺术-建筑,文学",3.7013988846477024,0.6868489214430513,高,otao@example.com,14587131246,内蒙古自治区济南县安次辛集路Z座 762441
233,杨博,男,58,普通读者,大专,2021-09-15,"经管,文学","经管,文学-散文",2.5577182114830297,0.44371740146995686,很高,hlei@example.net,15993857727,黑龙江省柳州县静安尚街A座 690514
234,郭凯,男,23,专业人士,硕士,2022-05-22,"艺术,经管,人文社科","艺术-建筑,艺术-音乐,艺术-设计,经管,人文社科-教育,人文社科-经济,人文社科-哲学",3.9264981327521946,0.5261531235318336,高,xiajie@example.net,15747614148,甘肃省华县白云钟路X座 342073
235,杨旭,男,53,普通读者,高中,2023-03-17,"艺术,小说","艺术,小说-恐怖,小说-青春,小说-悬疑推理",3.492994166793861,0.46054924521835694,高,fangxue@example.net,13622773220,澳门特别行政区云市涪城华街q座 452181
236,崔丽,女,20,普通读者,本科,2023-06-23,"经管,文学","经管,文学-戏剧",2.3209493741656213,0.32588337020069386,低,jingtian@example.com,18114414504,黑龙江省宁德市山亭深圳街M座 164415
237,林冬梅,女,59,学生,本科,2023-07-02,"人文社科,文学","人文社科-教育,人文社科-哲学,人文社科-法律,文学-现代文学,文学-古典文学,文学-外国文学",2.596166078371029,0.4688392940772836,中,fzou@example.org,13942800275,湖北省瑞县花溪李路F座 163003
238,池平,男,48,学生,博士,2023-03-15,"小说,生活","小说-悬疑推理,生活-育儿",3.9271499797795313,0.6704782127573123,中,guoxiuying@example.com,15507824089,澳门特别行政区梧州县大东广州街J座 980764
239,吴倩,女,20,学生,大专,2021-09-28,"艺术,科学技术,人文社科","艺术-设计,艺术-电影,艺术-摄影,科学技术-医学,科学技术-计算机,人文社科",3.5466222106300913,0.6497976634884871,低,yanghao@example.net,15706851645,辽宁省丽丽县沈河兰州路N座 225783
240,高红,女,5,普通读者,小学,2022-07-04,"艺术,文学","艺术-摄影,艺术-音乐,文学-戏剧,文学-古典文学,文学-外国文学",2.317969151121975,0.3042489626154108,中,fangwu@example.org,18192643395,江苏省宁德县南溪关岭街R座 139856
241,蔺淑兰,女,39,学生,本科,2023-04-27,"科学技术,人文社科","科学技术-地理,人文社科-心理学",3.932304630901246,0.76436424446498,中,rwen@example.net,15244648442,新疆维吾尔自治区冬梅县丰都太原街o座 340706
242,陈慧,女,11,学生,初中,2023-06-09,文学,"文学-戏剧,文学-外国文学,文学-现代文学",2.053895356785375,0.2542424770566748,中,bliang@example.org,18216627219,山西省玉梅县锡山梁街Q座 244757
243,陆晶,女,13,学生,初中,2023-03-09,"生活,人文社科,艺术","生活-旅行,生活-家居,人文社科-政治,人文社科-教育,人文社科-法律,艺术-摄影",4.147703883465932,0.4336543577759492,中,yangwei@example.org,15264752089,江西省淑兰市魏都昆明路j座 674853
244,李凯,男,6,学生,小学,2023-03-26,"经管,科学技术","经管-管理,科学技术-天文",3.6617285655939114,0.5153726863840307,很高,lsun@example.com,14772808190,河北省丽丽县上街太原街W座 249651
245,苏辉,男,71,学生,本科,2020-12-30,"科学技术,生活","科学技术-天文,科学技术-数学,科学技术-医学,生活",3.6532688986102544,0.9472113316261983,高,ming67@example.org,13588308221,山东省凯市翔安刘街x座 873958
246,朱刚,男,22,研究人员,硕士,2022-03-05,"经管,小说","经管-管理,经管-商业,小说",4.677880077611029,0.20927950200099737,中,leiwan@example.com,18128320829,云南省丹县东丽刘路I座 248202
247,牛芳,女,1,研究人员,初中,2022-07-09,"生活,科学技术,小说","生活-旅行,生活-家居,科学技术-化学,小说-科幻,小说-武侠,小说-悬疑推理",3.9947030287996736,0.6588113795727671,中,xiasu@example.net,14518256326,青海省桂芳市孝南济南街W座 240617
248,李涛,男,42,研究人员,博士,2023-07-30,小说,小说-恐怖,3.856074898962024,0.7611189659254809,很高,yong16@example.net,13977530301,台湾省涛县黄浦余路W座 537286
249,赵欣,女,26,学生,高中,2021-07-03,人文社科,人文社科,2.359669935276089,0.31944922866005376,很高,zouyan@example.com,18069063155,云南省南昌县海陵辛集街x座 234433
250,夏旭,男,25,学生,本科,2022-11-29,经管,经管,3.7903267037511235,0.6086249770863443,中,kangna@example.com,13283329336,湖南省贵阳市合川邱街L座 303708
251,苟桂珍,女,27,学生,高中,2021-02-13,"文学,科学技术,艺术","文学-古典文学,文学-戏剧,科学技术-医学,科学技术-物理,科学技术-计算机,艺术-电影,艺术-音乐,艺术-设计",3.3209691103274963,0.9598706790382947,很高,jing56@example.org,13936589813,香港特别行政区柳县沙市孟街C座 642527
252,高成,男,44,普通读者,大专,2022-08-19,"艺术,小说","艺术-设计,艺术-电影,小说-爱情,小说-科幻",2.5827105379653053,0.4322807035857437,高,tzhu@example.net,13725779267,河北省秀荣县萧山沈阳路w座 495585
253,白刚,男,23,学生,硕士,2022-02-24,文学,"文学-戏剧,文学-古典文学",3.2638722281644252,0.6530143491550682,高,jzou@example.net,18534204299,重庆市天津县蓟州吴街Z座 305665
254,余静,女,23,学生,高中,2022-02-20,"生活,艺术","生活-旅行,艺术-绘画",4.84452627171046,0.277910626047508,高,wanna@example.com,18611399518,重庆市桂芝市沙湾张路a座 603207
255,冯玉英,女,50,学生,本科,2021-10-30,"经管,人文社科","经管-管理,经管-投资,经管-市场营销,人文社科-教育,人文社科-哲学",2.7059516873621208,0.3350357655064273,低,dengmin@example.com,18801440346,河北省磊县清浦董街n座 205063
256,赵淑珍,女,4,普通读者,小学,2021-02-09,"经管,科学技术,文学","经管-金融,经管-市场营销,科学技术-计算机,科学技术-生物,文学",3.091036691458283,0.77570849028744,中,ikang@example.net,13120470506,重庆市红县海港太原路g座 461903
257,李想,男,52,普通读者,大专,2020-11-13,生活,生活,3.0544106324664226,0.9819597030063492,很高,jie93@example.com,13175645040,内蒙古自治区洁县秀英南京街R座 245056
258,林娟,女,43,普通读者,高中,2023-02-15,"小说,经管","小说,经管-投资,经管-商业,经管-金融",2.9929039964615773,0.38692305930738335,中,yang12@example.com,18877730092,河南省西宁市城北钟路i座 336656
259,李浩,男,34,学生,硕士,2022-10-13,艺术,"艺术-建筑,艺术-电影,艺术-设计",3.5270746332434237,0.7759636847830096,高,yanxia@example.com,15693173688,福建省银川市淄川林街G座 337255
260,刘淑华,女,46,普通读者,大专,2020-07-09,"艺术,文学,经管","艺术,文学-戏剧,文学-现代文学,文学-外国文学,经管",3.315211975075219,0.8928851858807799,很高,uzou@example.org,18819192237,重庆市银川县城北王路l座 636708
261,赖畅,女,55,教师,硕士,2022-04-10,人文社科,人文社科,2.0358851940953016,0.3319258037295395,高,zlei@example.org,18623210692,广西壮族自治区太原市璧山彭路g座 862019
262,郑建国,男,18,学生,大专,2022-02-13,科学技术,科学技术-地理,3.1362234816370496,0.7097330573687742,中,qiang94@example.net,15908470914,青海省惠州市涪城游路K座 368803
263,杨宁,男,3,学生,小学,2023-01-07,生活,"生活-家居,生活-育儿,生活-园艺",3.059411446710085,0.7914755542359075,中,xiulan91@example.com,15742772445,山东省哈尔滨县清浦六安路L座 817385
264,阎阳,男,23,学生,博士,2024-02-24,"生活,文学","生活-育儿,文学-戏剧,文学-外国文学,文学-诗歌",3.0713716676240868,0.5768112372482141,高,xiuyingpan@example.org,13180087355,重庆市建市沈河冉路r座 527130
265,李秀英,女,17,学生,初中,2023-05-14,人文社科,人文社科-社会学,2.0714092112193403,0.24280324089153754,很高,li21@example.org,18639166013,山西省贵阳市朝阳深圳街L座 234514
266,杨淑珍,女,11,学生,初中,2021-12-20,"艺术,科学技术,生活","艺术,科学技术,生活-育儿,生活-健康",3.502518477324723,0.5296687619754641,高,cyu@example.com,13802030335,广西壮族自治区桂珍县上街陈路u座 448422
267,王梅,女,24,学生,大专,2021-01-25,"艺术,生活","艺术-绘画,艺术-建筑,生活-健康,生活-家居",3.0948652747443317,0.9030987935678021,高,zhangjie@example.com,13944490487,上海市上海县海港李街M座 205896
268,郭林,男,40,普通读者,高中,2021-12-23,小说,小说,3.3187642516666553,0.9944651933892329,中,changmin@example.com,13166987391,河北省通辽县孝南潮州路k座 804936
269,廖桂荣,女,22,研究人员,博士,2022-10-15,"科学技术,文学,人文社科","科学技术,文学-古典文学,文学-散文,人文社科-经济",4.724065619480075,0.3112783403935105,中,jing87@example.net,13347796668,天津市海燕市沙湾赵街b座 884982
270,黎雪,女,39,普通读者,大专,2023-11-07,"经管,生活,人文社科","经管-投资,生活,人文社科",3.2461338832203035,0.8438985115238524,高,tianwei@example.org,18987332751,山东省北镇县魏都杭州路n座 343536
271,艾桂芝,女,25,学生,小学,2021-02-15,小说,小说,2.103654618363732,0.4721769825707735,高,liumin@example.com,15510490600,青海省太原县华龙南宁路D座 949113
272,王红,女,4,专业人士,初中,2022-08-06,人文社科,人文社科-哲学,2.436688584090824,0.2519105594971052,中,pengyan@example.com,15119400030,云南省楠县黄浦银川路l座 280287
273,汤建平,男,18,教师,高中,2024-03-04,科学技术,"科学技术-医学,科学技术-数学",3.0421313369129073,0.4027856864846737,很高,fwei@example.org,18505435644,山西省齐齐哈尔市翔安昆明街s座 613534
274,赵云,女,34,学生,高中,2023-11-14,"科学技术,经管","科学技术-天文,科学技术-医学,科学技术-化学,经管-商业,经管-金融,经管-创业",2.583796905659067,0.4623421205672528,很高,li64@example.com,14560838908,宁夏回族自治区雪梅市徐汇李路k座 811230
275,盛丽,女,22,学生,高中,2021-11-24,经管,经管,4.128671328627641,0.4287180068437286,高,eyuan@example.org,13244466810,辽宁省磊县孝南福州路e座 403132
276,施玉珍,女,30,研究人员,本科,2022-10-18,人文社科,人文社科,3.8490328124861013,0.9318222164835348,高,nabai@example.net,14547601062,广西壮族自治区辛集市海港朱路i座 751824
277,刘平,男,23,普通读者,硕士,2022-08-18,"经管,文学","经管,文学-诗歌,文学-戏剧",3.378739168405944,0.6935481721562402,高,juanhu@example.net,15025318653,河北省澳门市黄浦海门路I座 965529
278,蒋坤,男,6,学生,初中,2024-01-04,"文学,艺术,生活","文学,艺术,生活-育儿,生活-园艺,生活-烹饪",3.0585260927081217,0.6478902368779025,中,tao12@example.net,15874413636,河南省武汉县秀英吴街F座 586363
279,李玉梅,女,9,学生,小学,2023-06-15,生活,"生活-健康,生活-园艺,生活-育儿",3.3537353598847197,0.2715472133921721,高,yanyi@example.org,13885886419,贵州省霞市浔阳何路p座 545795
280,李丹,女,79,学生,大专,2020-05-19,"科学技术,生活","科学技术-计算机,科学技术-医学,科学技术-生物,生活-育儿",3.485929015468625,0.3514220213101952,很高,luojie@example.net,18185534320,安徽省呼和浩特县花溪哈尔滨街Y座 368652
281,王宁,男,30,学生,大专,2023-06-07,"科学技术,经管,文学","科学技术,经管,文学",3.3278836209547107,0.9776022978716894,中,mincheng@example.com,18809194557,河南省六盘水市大兴成都路j座 539505
282,曾晶,女,29,学生,大专,2022-01-11,"小说,艺术,经管","小说-恐怖,小说-历史,艺术-建筑,艺术-音乐,经管",3.0693222798410433,0.98886172849341,中,ejiang@example.com,13419155675,陕西省秀云市静安张路W座 653651
283,冷杰,男,44,学生,大专,2020-06-07,"经管,艺术","经管,艺术-绘画,艺术-音乐,艺术-建筑",3.0212237874796517,0.22937839895694867,高,lfu@example.net,13914119148,山西省大冶县浔阳乌鲁木齐街N座 599895
284,吴红霞,男,29,专业人士,本科,2022-05-13,"经管,小说","经管-金融,经管-管理,经管-市场营销,小说-恐怖",4.330886163090108,0.2885899968440345,低,xiuyingxue@example.net,18868013375,香港特别行政区雪市新城孙路a座 683082
285,董艳,女,49,研究人员,博士,2020-04-24,"人文社科,文学,科学技术","人文社科-政治,人文社科-哲学,文学,科学技术-天文,科学技术-计算机,科学技术-医学",4.8680692510568475,0.35210275977778926,高,aliang@example.com,13939001443,甘肃省慧县永川王路s座 288884
286,梁瑞,男,15,学生,高中,2022-01-02,文学,文学-外国文学,4.552111842123088,0.33517724548703076,高,kdu@example.com,15602982025,山西省淮安县吉区佛山街N座 426336
287,叶建华,男,49,学生,初中,2022-04-29,小说,"小说-历史,小说-悬疑推理,小说-爱情",3.1382776408479804,0.32355438248064705,很高,xiulantian@example.com,14797971785,广东省济南县沙市海门街H座 699517
288,龚冬梅,女,32,普通读者,大专,2021-09-12,人文社科,"人文社科-教育,人文社科-历史",2.1007208469165595,0.4639912469734244,高,uli@example.com,18827618207,西藏自治区永安市龙潭北京路T座 561272
289,霍桂英,女,37,普通读者,大专,2022-08-06,"经管,生活,科学技术","经管,生活-园艺,生活-家居,生活-旅行,科学技术",3.0447022733675126,0.9905790361592228,中,yan38@example.org,15273386743,陕西省海口市高港哈尔滨街O座 933454
290,查洁,女,27,学生,大专,2020-12-14,"艺术,生活","艺术-设计,艺术-绘画,生活-烹饪,生活-园艺,生活-育儿",4.42861738361586,0.20610745854703336,低,yongkang@example.org,14562311095,贵州省太原市清河阎街u座 871441
291,陈晶,女,33,普通读者,高中,2022-11-05,经管,经管,3.478741591418871,0.8576731246171762,高,zoujie@example.net,15797620093,广西壮族自治区亮市朝阳段街W座 173602
292,徐燕,女,15,研究人员,初中,2020-11-02,"经管,艺术","经管-创业,经管-金融,经管-市场营销,艺术",2.592319651395705,0.40780418951240266,高,nwang@example.com,15602676989,河北省利县高坪郑州路D座 500268
293,张璐,女,30,普通读者,本科,2020-06-17,"科学技术,艺术","科学技术-化学,艺术-建筑,艺术-电影",2.6242922591086613,0.3895650412761419,中,psu@example.com,18050506195,河南省乌鲁木齐县东丽南京街b座 233758
294,王华,男,36,普通读者,硕士,2022-08-25,科学技术,"科学技术-地理,科学技术-生物,科学技术-天文",3.1322442998014695,0.8042989157345565,低,wei45@example.net,15753697371,吉林省呼和浩特市怀柔孙街k座 705292
295,王瑞,男,64,学生,本科,2023-03-30,"文学,人文社科,经管","文学,人文社科,经管-市场营销,经管-金融,经管-投资",3.2624487786954264,0.5507907902821204,高,yfu@example.net,13894070503,海南省银川市丰都盖街R座 124444
296,李东,男,74,学生,本科,2022-06-09,"经管,小说","经管,小说-历史",4.222501348677598,0.21673149253172597,高,zkang@example.net,14723123859,甘肃省北镇县南溪赵路K座 589160
297,王晨,男,35,学生,本科,2023-10-07,"艺术,人文社科","艺术-建筑,艺术-设计,艺术-绘画,人文社科-教育,人文社科-哲学",3.8032117777923258,0.9653191137333605,高,yongfeng@example.net,18850764481,河南省云市牧野呼和浩特路y座 858365
298,马秀云,女,19,普通读者,大专,2021-05-09,"小说,经管","小说-历史,经管",3.125806543407125,0.6244319435633996,高,mingding@example.net,15748453849,香港特别行政区梧州县静安刘街P座 354747
299,张玉华,女,29,研究人员,本科,2020-06-03,"生活,小说","生活,小说-科幻",3.8587875316944626,0.9634237727350308,高,qmeng@example.com,14559951160,辽宁省武汉县永川沈阳街V座 128216
300,严涛,男,23,普通读者,大专,2021-10-11,文学,"文学-古典文学,文学-诗歌,文学-现代文学",4.498926299048589,0.25141593488135144,低,yongfu@example.net,15791736800,海南省惠州市秀英陈街r座 542156
301,姚建,男,5,专业人士,初中,2023-08-30,"科学技术,文学,艺术","科学技术-计算机,科学技术-化学,科学技术-医学,文学-戏剧,文学-散文,艺术",4.675427163027846,0.3223775729388583,中,zhengyan@example.net,18946076597,天津市荆门县平山哈尔滨路f座 539951
302,张辉,男,20,普通读者,高中,2023-07-16,"人文社科,文学","人文社科-经济,人文社科-教育,人文社科-历史,文学-诗歌,文学-戏剧,文学-散文",3.024514549486222,0.7393166340792665,中,zengli@example.com,18933053908,福建省飞市长寿张街m座 998007
303,雷平,男,37,学生,初中,2020-10-15,人文社科,"人文社科-政治,人文社科-历史",3.32890182213953,0.6131281994681851,很高,gongxia@example.net,13240648119,澳门特别行政区红县南溪祝街L座 651237
304,周东,男,50,学生,大专,2023-02-24,生活,生活,3.0970773626384744,0.6743160448288059,中,yefang@example.org,13382463924,甘肃省阜新市秀英武汉路H座 210743
305,杜秀英,女,17,学生,初中,2022-06-15,"艺术,生活,小说","艺术,生活-家居,生活-育儿,小说-恐怖,小说-青春",3.8385667160415475,0.9512677781819165,很高,fyao@example.org,13073224779,辽宁省银川市城东黄街R座 653715
306,胡建国,男,34,普通读者,本科,2020-05-20,艺术,"艺术-设计,艺术-电影,艺术-音乐",3.2737990557235466,0.7298401162592034,很高,duyang@example.net,15541607842,西藏自治区桂珍县龙潭蒋街i座 239716
307,刘梅,女,44,普通读者,初中,2022-09-20,"小说,文学,经管","小说-历史,小说-悬疑推理,文学,经管-管理",3.475718906361668,0.26091157327964054,高,gang99@example.net,13932096482,湖南省淑兰县花溪张路U座 516246
308,许玲,女,1,学生,小学,2021-01-08,科学技术,"科学技术-天文,科学技术-计算机",2.8609322423837416,0.31976014877605624,高,liuyan@example.net,13028398416,黑龙江省军市浔阳翁街J座 230859
309,夏俊,男,38,普通读者,硕士,2021-08-27,经管,经管,3.724520779493053,0.9521963519699085,低,ping77@example.org,13666499996,澳门特别行政区丹市梁平娄街Z座 668781
310,罗莹,女,42,普通读者,本科,2020-10-12,"生活,文学,艺术","生活-健康,生活-育儿,生活-园艺,文学-古典文学,文学-散文,艺术-音乐",3.883187705645394,0.5693749456900495,中,zhangmin@example.net,18271038161,四川省通辽市房山澳门街d座 343422
311,谭萍,女,49,专业人士,大专,2021-10-09,"艺术,科学技术","艺术-绘画,科学技术",3.9110440389674235,0.7059774417907351,低,ming21@example.net,14555079540,湖北省拉萨县房山谢路F座 987063
312,梁红梅,女,11,学生,小学,2023-04-20,"文学,生活","文学-散文,文学-戏剧,生活-烹饪,生活-家居",3.33209471636434,0.7421195307103925,高,qiangsong@example.net,15075942352,福建省巢湖县安次梁路N座 720277
313,胡雪梅,女,17,普通读者,高中,2021-07-03,"艺术,经管","艺术,经管",3.731078783049563,0.696025580349531,高,napeng@example.com,18189070874,广东省兰州市翔安深圳路B座 156220
314,娄桂香,女,20,学生,大专,2020-09-21,"经管,人文社科","经管-投资,经管-金融,经管-管理,人文社科-法律,人文社科-哲学",4.813319024370099,0.3911860688053409,高,naqiu@example.org,13146124622,宁夏回族自治区利县锡山杨路E座 438819
315,田秀珍,女,30,专业人士,博士,2020-08-31,经管,经管,3.5027341442141253,0.5767788642168268,中,pmeng@example.com,18191014186,台湾省上海市长寿郭街G座 118954
316,侯柳,女,33,学生,大专,2021-02-26,"文学,生活,艺术","文学-诗歌,文学-古典文学,生活-旅行,生活-园艺,生活-家居,艺术-摄影",3.6159567959805305,0.8347158946524615,很高,jinglei@example.org,14589527657,甘肃省雪县长寿刘街s座 811775
317,王琴,女,40,普通读者,本科,2023-08-31,"文学,小说","文学,小说-武侠,小说-悬疑推理",3.217869294599895,0.2967870087415671,中,chengguiying@example.org,13771879094,甘肃省南昌市金平武街S座 566951
318,李建军,男,40,教师,硕士,2022-08-26,科学技术,科学技术,3.3508962806252454,0.4003201854692086,高,na00@example.net,13049626494,重庆市斌县友好刘路z座 603937
319,陈桂珍,女,44,学生,高中,2022-05-02,"经管,人文社科,科学技术","经管-投资,经管-创业,人文社科-教育,人文社科-哲学,科学技术-计算机,科学技术-数学,科学技术-医学",2.8446964451362806,0.45369890720325534,中,rmao@example.com,14719262523,海南省雪市沙湾石家庄路E座 909004
320,姜阳,男,70,研究人员,博士,2022-09-25,小说,小说-奇幻,3.684367642614377,0.6382535550937745,中,wei51@example.org,18622659993,天津市桂荣市永川兴城街Y座 878511
321,曾杨,男,6,专业人士,小学,2020-04-04,"生活,艺术,经管","生活-烹饪,艺术,经管-管理,经管-金融",3.061021317972033,0.8972649365227042,低,fang46@example.net,15363813610,香港特别行政区杰市华龙戴路s座 681916
322,余军,男,16,教师,初中,2023-05-27,"艺术,生活,科学技术","艺术-摄影,艺术-绘画,生活,科学技术-生物",3.492169163912633,0.6629244980947512,高,ming38@example.net,13160208957,河北省张家港县吉区关岭街z座 489408
323,胡浩,男,43,研究人员,博士,2021-12-25,人文社科,人文社科-历史,3.9859341736020455,0.5718459695548685,高,leidai@example.com,13277403367,四川省杭州市大兴淮安街r座 711280
324,袁秀芳,女,31,教师,硕士,2023-04-11,科学技术,科学技术,2.890080698160406,0.2341386812262335,低,taojun@example.org,15000361949,天津市巢湖县翔安西安路t座 657474
325,萧建平,男,7,教师,初中,2020-11-04,生活,"生活-烹饪,生活-健康",3.4626262961859835,0.7797111970043434,高,junyang@example.com,15336884407,广东省兵市秀英高街Q座 356432
326,袁俊,男,37,普通读者,本科,2022-09-06,"科学技术,艺术","科学技术,艺术",3.272584695378707,0.7317801562509156,很高,nhao@example.net,15291295410,台湾省丽娟市兴山焦路n座 819441
327,李颖,女,18,学生,大专,2022-07-17,"艺术,科学技术,文学","艺术-音乐,艺术-摄影,科学技术-数学,科学技术-计算机,文学-散文,文学-诗歌",3.964910073955494,0.8785752676764684,中,minsun@example.org,18904750322,福建省北镇县江北赵路l座 637105
328,余小红,女,34,学生,大专,2022-03-24,"科学技术,小说,经管","科学技术-天文,科学技术-医学,小说-爱情,小说-悬疑推理,小说-武侠,经管-商业,经管-市场营销,经管-管理",3.42450173777308,0.548900207448431,高,xiulanyang@example.org,13174632770,陕西省柳市淄川长沙路M座 541671
329,田建平,男,13,学生,小学,2023-05-16,小说,"小说-科幻,小说-悬疑推理",3.1095859181777046,0.9073939039542833,高,maoli@example.com,14596597754,安徽省建国县大兴冯路G座 557539
330,王玉,女,20,研究人员,本科,2022-05-26,"科学技术,小说","科学技术-化学,科学技术-生物,科学技术-医学,小说-历史",3.135541482661832,0.35513177619131475,高,swang@example.com,15669958072,福建省昆明市涪城董路S座 348421
331,韩玉梅,女,52,普通读者,大专,2022-01-25,艺术,"艺术-音乐,艺术-建筑,艺术-电影",4.3731892168095,0.46741953845943324,很高,li81@example.org,14759656721,浙江省齐齐哈尔县孝南周街d座 467835
332,陈飞,男,23,普通读者,本科,2022-10-07,"生活,经管,小说","生活-育儿,生活-烹饪,经管-投资,小说-恐怖,小说-武侠",3.3301738974448907,0.7237504945031759,低,qdong@example.org,13487131897,广东省雷县锡山陈路I座 165510
333,罗倩,女,54,学生,本科,2022-05-04,"人文社科,生活","人文社科,生活-园艺,生活-烹饪",3.3856043619908105,0.34394354055328413,中,li34@example.com,15713193409,贵州省娜县魏都任路Q座 109659
334,王帆,男,6,普通读者,小学,2021-05-24,"艺术,文学,生活","艺术-设计,艺术-电影,文学-诗歌,文学-散文,文学-现代文学,生活",3.259729564158822,0.5000268382994846,很高,xia15@example.net,13227554231,云南省玉兰市闵行郭街I座 591493
335,刘宁,男,30,普通读者,本科,2023-01-27,"人文社科,生活,经管","人文社科,生活-家居,生活-旅行,经管",3.008056677371316,0.4125650774255154,中,sduan@example.net,15087841713,河南省丹市和平滕路j座 910350
336,张想,男,45,普通读者,大专,2020-11-29,经管,"经管-管理,经管-创业,经管-市场营销",4.233895716420159,0.35927873440315117,高,min89@example.org,13040460581,西藏自治区佛山市长寿李街p座 749134
337,李云,女,36,普通读者,大专,2021-03-18,艺术,"艺术-摄影,艺术-设计",4.923315960328507,0.27462950007859144,高,xuwei@example.net,13298765626,黑龙江省磊市浔阳香港路Y座 838138
338,张玉华,女,51,学生,本科,2023-04-14,"人文社科,经管,生活","人文社科-政治,经管-金融,生活-家居,生活-健康,生活-旅行",4.75010927231552,0.33828778469224896,中,pyao@example.com,14527840979,四川省利市和平合山街Z座 122978
339,赵文,男,16,普通读者,高中,2022-08-03,经管,经管-管理,3.7305189131710583,0.8560368986225444,中,na12@example.com,13751755669,湖南省建国县西夏嘉禾街V座 504848
340,鞠志强,男,19,学生,本科,2023-04-12,"文学,科学技术,人文社科","文学,科学技术-地理,人文社科",4.1527722955078925,0.2570137491681734,很高,qiang55@example.com,13079791254,新疆维吾尔自治区兰州市朝阳林街i座 914816
341,王磊,男,11,学生,初中,2020-10-29,"经管,小说","经管-商业,经管-创业,小说-历史,小说-科幻,小说-奇幻",4.663410747536604,0.21927370417302386,中,lei30@example.org,15965537780,天津市成都县东城尹街m座 187415
342,陈玲,女,16,专业人士,初中,2023-12-30,生活,生活-旅行,4.095995725554596,0.2317938473756896,中,vhe@example.com,18795335824,广东省东莞县兴山梧州路v座 495294
343,王秀荣,女,31,普通读者,高中,2022-11-02,"人文社科,文学,小说","人文社科-经济,人文社科-法律,人文社科-教育,文学,小说",3.9815932680688193,0.8384733185138422,高,xiameng@example.net,15287347684,黑龙江省北镇市龙潭韩路H座 407125
344,吴宇,男,46,学生,高中,2022-07-24,"文学,科学技术","文学-散文,文学-古典文学,科学技术-天文,科学技术-物理,科学技术-医学",3.0785684335151404,0.8488091906082239,中,qiang46@example.com,13013424707,北京市玉英县新城贵阳街n座 704402
345,游宁,男,77,普通读者,本科,2020-09-07,"经管,文学,艺术","经管-商业,文学-古典文学,文学-散文,文学-诗歌,艺术-设计",3.0220524139447056,0.5121895123498326,高,min34@example.net,15088655380,上海市西安市淄川宁德街h座 891500
346,梁波,男,25,研究人员,博士,2023-03-25,"文学,生活","文学-戏剧,文学-现代文学,文学-外国文学,生活-园艺",4.8816187204132815,0.4912881486981285,高,leiyan@example.com,15840870150,西藏自治区文市涪城彭路H座 628921
347,黄淑兰,女,9,学生,初中,2023-08-14,"经管,人文社科","经管-管理,经管-投资,经管-创业,人文社科-历史,人文社科-法律,人文社科-经济",3.1303208208950197,0.5267984065748319,高,minzhao@example.org,15280709496,浙江省荆门市高港顾街L座 155340
348,谷斌,男,31,专业人士,本科,2022-03-15,"科学技术,生活,小说","科学技术-生物,科学技术-地理,生活-烹饪,生活-园艺,小说",3.6052476771969424,0.9290237789282754,低,alai@example.net,14517330101,海南省丽娟市海港兰州路W座 718615
349,梁云,女,49,教师,硕士,2022-10-14,科学技术,科学技术-医学,4.115663132974034,0.38314037594360795,很高,guiyingzhang@example.com,15082531840,青海省淑华市平山辛集路B座 330590
350,周海燕,女,29,普通读者,本科,2021-05-29,"文学,艺术","文学-现代文学,文学-外国文学,文学-古典文学,艺术",3.9778354403877674,0.7900494977438222,中,qiaojie@example.net,13908523376,福建省巢湖市普陀萧街Q座 515730
351,刘超,男,10,学生,初中,2024-01-21,生活,生活,3.0488547535807573,0.9942712830388768,中,vxie@example.org,13192283640,湖北省昆明县崇文宁德街I座 979856
352,吴平,男,16,普通读者,初中,2022-11-08,"小说,科学技术","小说-历史,小说-科幻,小说-青春,科学技术-地理,科学技术-生物",3.22799654196307,0.963804322730756,中,mingsong@example.net,15843732606,辽宁省宇市怀柔马路l座 304691
353,萧凯,男,9,研究人员,初中,2022-01-19,"经管,人文社科","经管-商业,经管-市场营销,经管-金融,人文社科-社会学,人文社科-教育,人文社科-经济",3.013393861054431,0.5182015817188502,很高,sjiang@example.net,15317376044,辽宁省石家庄市城北阜新街L座 296580
354,袁萍,女,20,普通读者,本科,2024-03-07,"小说,人文社科,生活","小说-悬疑推理,小说-武侠,小说-历史,人文社科-法律,人文社科-历史,生活",3.6245561164552944,0.5370644491761689,中,zgao@example.net,13101228188,新疆维吾尔自治区娟市丰都海口路a座 331074
355,陈凤兰,女,59,学生,本科,2020-05-10,"经管,科学技术,文学","经管-创业,科学技术,文学-诗歌,文学-戏剧",3.7554426661191713,0.7605252414035504,高,moxiuying@example.com,15550304223,浙江省北镇市南溪辽阳街Q座 131259
356,温慧,女,15,普通读者,初中,2021-05-07,"生活,科学技术,人文社科","生活-育儿,科学技术-天文,科学技术-医学,人文社科-法律,人文社科-经济",2.0753122092529335,0.31603107250046103,高,gang65@example.net,18245997559,宁夏回族自治区合肥市龙潭汕尾路q座 793768
357,苏林,男,44,专业人士,本科,2021-12-09,"人文社科,经管,艺术","人文社科-心理学,人文社科-历史,经管,艺术-摄影,艺术-绘画",2.2657873873203185,0.3393045893182778,中,luoxia@example.com,14591856012,黑龙江省宁县锡山贾街M座 134987
358,司伟,男,20,学生,本科,2022-07-01,"文学,人文社科","文学-戏剧,文学-散文,人文社科-历史",4.531087046872677,0.30986862740717175,高,eyi@example.com,18261911573,陕西省彬市普陀潜江路h座 833343
359,梁杰,男,79,普通读者,本科,2021-04-27,"人文社科,生活,文学","人文社科-社会学,人文社科-政治,人文社科-经济,生活-健康,生活-育儿,文学-现代文学",4.287486405469021,0.31091409607172127,很高,taosun@example.net,15182545362,湖北省桂芳县海港西宁路C座 149404
360,黄楠,男,57,学生,博士,2023-01-30,生活,生活-健康,3.069421332723045,0.710125350260663,很高,guiying57@example.net,15270943981,安徽省秀芳市城北太原路L座 842765
361,王娜,女,47,学生,大专,2022-06-22,"小说,艺术","小说-悬疑推理,小说-恐怖,艺术-音乐",3.8464798871625767,0.9938475559891651,中,jinggao@example.org,15544898466,广西壮族自治区南昌市西峰汕尾路T座 818467
362,韩俊,男,44,研究人员,本科,2022-12-10,"生活,人文社科","生活,人文社科",3.111296844122081,0.3034672591367615,中,qma@example.com,13279242884,香港特别行政区齐齐哈尔县上街马路q座 229071
363,黄勇,男,32,普通读者,本科,2023-09-06,"生活,小说","生活-健康,小说",4.379301106515621,0.4397035492990964,低,jianglei@example.com,13603153029,河南省昆明县东丽唐街o座 640321
364,吴鹏,男,17,学生,高中,2022-02-03,"小说,文学","小说-悬疑推理,小说-青春,文学-古典文学",3.032898448607865,0.9818920197603662,中,weixue@example.org,13233604869,西藏自治区兰州市高明刘街k座 789159
365,黄玉英,女,43,研究人员,博士,2021-04-09,人文社科,"人文社科-法律,人文社科-经济,人文社科-教育",3.8978995761570427,0.8740279866395751,中,gtang@example.net,13922643317,浙江省邯郸市朝阳郑路j座 301775
366,黄坤,男,33,研究人员,博士,2021-02-05,文学,文学-现代文学,3.050957291358009,0.5548844194455895,中,jieliu@example.org,14521461989,湖北省长春市崇文上海路w座 364524
367,孙慧,女,28,学生,本科,2022-11-05,"科学技术,小说,生活","科学技术-化学,小说-恐怖,生活-育儿",3.040395831545312,0.7640387568327678,高,xiulan75@example.net,13030221060,陕西省西宁市花溪永安街y座 727197
368,刘勇,男,23,学生,本科,2021-09-16,"科学技术,艺术","科学技术,艺术",3.5310888782005616,0.8759292642399159,低,dzeng@example.org,15976295687,吉林省淮安县安次柳州街c座 645009
369,尹璐,女,15,学生,初中,2021-06-17,"小说,科学技术,人文社科","小说,科学技术-物理,科学技术-化学,人文社科",3.55973614683189,0.8770237726587766,高,baifang@example.com,15211081606,吉林省成都县淄川马路g座 442757
370,郭桂香,女,20,普通读者,高中,2021-09-03,"科学技术,小说","科学技术-物理,小说-历史,小说-爱情",3.7492737607386477,0.9095097758600863,高,fangmo@example.org,18785513833,福建省旭县南长彭路T座 999345
371,何兵,男,22,专业人士,大专,2023-04-29,"人文社科,科学技术,艺术","人文社科,科学技术-天文,科学技术-医学,科学技术-化学,艺术-设计,艺术-电影,艺术-音乐",4.6443539845539314,0.2886918891347831,很高,chengwei@example.org,14703365241,澳门特别行政区琴市高坪太原街w座 608124
372,胡淑华,女,46,研究人员,硕士,2020-05-04,"艺术,经管,文学","艺术,经管,文学",2.0514854274328034,0.2129868412766398,中,yang23@example.com,14530499826,北京市杰县东丽郭街N座 444772
373,胡娜,女,29,普通读者,大专,2020-08-02,艺术,"艺术-摄影,艺术-建筑",3.5129289174703286,0.83954595269563,中,juan80@example.org,18575861155,山西省凯市大东佛山路M座 145466
374,刘秀华,女,63,学生,高中,2023-09-01,科学技术,"科学技术-天文,科学技术-计算机",3.8817388062821663,0.6107804243488018,中,ehan@example.org,13220161733,辽宁省军市城东王街I座 206523
375,齐颖,女,41,教师,博士,2023-03-28,科学技术,"科学技术-生物,科学技术-物理",4.107630468397629,0.3579080826824017,低,yongsong@example.net,15769121359,山西省桂兰县徐汇曾街W座 176792
376,萧阳,男,22,研究人员,博士,2020-07-31,"文学,科学技术,生活","文学-戏剧,文学-外国文学,科学技术-化学,生活",3.9239769074848807,0.9271352308467723,低,zhoulei@example.com,13036387124,福建省合肥市萧山刘路q座 156432
377,张桂芳,女,23,学生,初中,2021-05-26,"文学,小说,经管","文学,小说-科幻,小说-青春,小说-爱情,经管-金融,经管-市场营销",3.3675443447475133,0.6155135002966179,低,yanzhong@example.org,15553356365,福建省汕尾县房山宁街u座 461439
378,兰军,男,10,学生,初中,2021-05-17,"文学,人文社科,科学技术","文学-散文,文学-现代文学,人文社科,科学技术-数学,科学技术-天文",3.2417917680014723,0.6562629051243996,中,xueli@example.com,18900130019,陕西省亮市普陀李路D座 622371
379,张玉梅,女,8,学生,初中,2023-01-16,"艺术,文学,小说","艺术-电影,艺术-绘画,艺术-建筑,文学,小说-悬疑推理",3.1628929061850295,0.7239437835911986,低,weiren@example.com,15237974660,湖北省宁县东丽杨街T座 949943
380,李柳,女,53,学生,初中,2022-05-21,小说,小说-爱情,2.7255288824168478,0.3871028445443915,很高,fangpeng@example.net,15670341532,云南省彬市蓟州海门街D座 249891
381,谢波,男,46,学生,高中,2022-12-03,"文学,小说","文学-现代文学,文学-诗歌,小说-历史,小说-爱情",3.3240371423355195,0.5797032484544713,中,renyang@example.org,13294992121,辽宁省沈阳市锡山淮安路H座 208568
382,陈兰英,女,3,学生,小学,2021-12-30,"小说,生活,科学技术","小说-爱情,生活-家居,生活-健康,生活-园艺,科学技术-物理,科学技术-数学,科学技术-天文",4.293910213361164,0.24690790283367858,高,leibai@example.com,14579719292,甘肃省平县双滦昆明路C座 629165
383,刘桂英,女,20,研究人员,高中,2022-03-30,"文学,艺术,小说","文学-散文,文学-现代文学,艺术,小说-青春,小说-爱情",4.858439655350548,0.23805932161425142,高,na27@example.net,18151057963,贵州省六盘水县清河呼和浩特街F座 242279
384,赵玲,女,30,学生,高中,2020-08-12,小说,"小说-爱情,小说-青春",3.625836067145868,0.6680959118731113,很高,liutao@example.com,18143680252,澳门特别行政区潮州县六枝特李路Y座 153480
385,文东,男,27,普通读者,大专,2023-01-10,经管,经管-商业,4.934148762007316,0.2939426821591057,中,lfan@example.org,14574190522,河北省六盘水县长寿胡街z座 973064
386,朱璐,女,72,学生,本科,2023-02-04,"科学技术,人文社科","科学技术-医学,人文社科-教育,人文社科-社会学",3.9173250061656955,0.5140831314347927,高,chao08@example.com,18982287240,浙江省平市静安陆路O座 764986
387,冯玉华,女,23,专业人士,本科,2022-09-20,"科学技术,艺术","科学技术-天文,艺术-绘画,艺术-电影",2.2353820996241067,0.3543987045155177,中,guoguiying@example.net,13414098601,福建省石家庄市友好陆路E座 315126
388,孟秀英,女,31,研究人员,博士,2022-01-13,"小说,文学","小说-爱情,小说-青春,小说-历史,文学-诗歌,文学-戏剧",3.788353508070834,0.6441843660184884,中,tkong@example.org,18880166544,广东省宜都县龙潭钱街s座 555625
389,彭利,男,28,学生,本科,2023-10-29,"经管,生活,文学","经管-市场营销,经管-金融,生活-旅行,生活-家居,生活-烹饪,文学-外国文学,文学-古典文学,文学-现代文学",3.777708670954335,0.8543882498819104,高,baixia@example.net,15968410636,四川省倩县长寿施街O座 717797
390,邹淑英,女,30,学生,高中,2021-08-19,"艺术,生活","艺术-音乐,艺术-建筑,生活",3.0484690730519355,0.7305661290871549,高,xiulan45@example.com,15062643717,安徽省晨市龙潭贵阳路M座 176412
391,潘倩,女,12,学生,小学,2021-06-24,"人文社科,生活,科学技术","人文社科-政治,生活-烹饪,生活-旅行,科学技术-医学,科学技术-化学",3.761395541025951,0.7493723827860566,高,chenggang@example.com,15155100110,黑龙江省东市海陵丁街z座 158017
392,陈帅,男,46,普通读者,高中,2020-04-01,文学,文学,4.166320745242557,0.4917619319300142,中,tao71@example.com,13346328791,海南省燕市平山宁德街n座 880466
393,张丽华,女,32,普通读者,高中,2023-03-18,"艺术,科学技术,人文社科","艺术-绘画,艺术-摄影,科学技术-计算机,科学技术-天文,科学技术-化学,人文社科-历史,人文社科-法律,人文社科-心理学",4.3399635453610825,0.29738437691071085,低,jie82@example.com,18233774881,西藏自治区马鞍山县黄浦郑路C座 128037
394,史桂芳,女,50,学生,高中,2021-04-11,科学技术,科学技术-医学,3.005891269356553,0.612459618381208,中,mgong@example.net,14728224827,香港特别行政区雪市大东哈尔滨路k座 632757
395,张建,男,39,学生,高中,2023-08-12,"人文社科,艺术,经管","人文社科-法律,艺术,经管-创业,经管-商业,经管-金融",3.473842109639662,0.6898798218410673,高,chaofeng@example.com,15718489131,山西省呼和浩特市璧山李街x座 206886
396,曹玉兰,女,32,学生,本科,2020-10-15,"小说,生活","小说-悬疑推理,小说-武侠,小说-爱情,生活",3.5386462565789474,0.7271225864562791,中,myuan@example.org,18667174885,湖南省建平县东丽梁街w座 751194
397,杨欢,男,9,教师,初中,2020-05-02,"经管,生活","经管-金融,经管-市场营销,经管-商业,生活-园艺",3.439077957777374,0.5335629498387235,中,yong19@example.org,14545695144,上海市秀华县浔阳吴街P座 160673
398,傅建华,男,46,学生,高中,2023-03-15,文学,文学,3.7082027020537023,0.5026150852204303,中,xiuyingyan@example.org,13803873275,四川省俊县山亭常街z座 297400
399,胡丹丹,女,31,普通读者,本科,2020-12-28,小说,"小说-悬疑推理,小说-恐怖,小说-武侠",4.666471971777767,0.44643421876223066,低,vfang@example.com,15733118199,新疆维吾尔自治区瑞县长寿范路l座 530655
400,王丽,女,20,普通读者,大专,2023-09-20,"生活,科学技术,经管","生活-家居,科学技术-物理,经管-商业,经管-市场营销",2.1095735930184008,0.3708319359465984,中,xiulanlei@example.net,15235142753,贵州省辛集县南湖沈阳路f座 900654
401,唐柳,女,28,学生,初中,2020-10-18,"小说,生活","小说,生活-健康",3.201605277497607,0.36942595648300086,很高,ukong@example.net,15743678769,浙江省玉梅市双滦南京路T座 915290
402,傅琴,女,31,学生,本科,2020-05-14,文学,文学-戏剧,4.021619161845724,0.33930998685423625,很高,fangxiao@example.org,13001479758,陕西省贵阳市龙潭马鞍山街K座 228861
403,姜洁,女,15,学生,高中,2021-04-26,文学,"文学-现代文学,文学-戏剧",3.9684235417945626,0.9342395832014894,很高,pingyao@example.net,18054364473,陕西省贵阳市高坪杨路j座 710994
404,王桂兰,女,16,研究人员,初中,2020-08-13,"艺术,人文社科,经管","艺术,人文社科,经管",3.539259098334135,0.7957570457355077,中,caiming@example.net,18098602686,北京市雷县滨城庄街g座 556669
405,陈欣,女,50,普通读者,高中,2022-02-07,"文学,小说,艺术","文学-外国文学,小说-恐怖,小说-爱情,小说-武侠,艺术-绘画",2.6752608041912964,0.3183146813805766,中,xiongqiang@example.net,18112665406,香港特别行政区贵阳市西峰巢湖路Z座 347632
406,缪玉梅,女,19,教师,高中,2023-07-12,人文社科,人文社科,4.594480532010449,0.33193938536499507,很高,lei15@example.org,15180376179,台湾省梅市崇文刘路T座 103195
407,王红,女,65,研究人员,博士,2022-10-27,"小说,经管","小说-奇幻,小说-历史,经管-金融,经管-市场营销,经管-商业",3.5235401025940103,0.6358651899942551,中,tao78@example.net,15084400023,福建省杭州县金平廉路G座 435031
408,姚雪,女,31,学生,大专,2020-09-14,"文学,经管,科学技术","文学-戏剧,文学-散文,经管,科学技术",2.925126551560104,0.3780570081750626,低,jiezhong@example.com,14758170643,吉林省张家港市梁平许街N座 759772
409,邹东,男,43,专业人士,本科,2023-02-12,"艺术,小说","艺术-设计,小说-爱情,小说-悬疑推理",3.7227011141559956,0.6741978158898667,高,yanli@example.com,18188227559,甘肃省马鞍山县六枝特嘉禾路A座 109378
410,张博,男,34,普通读者,大专,2022-10-08,"艺术,人文社科,文学","艺术-音乐,艺术-设计,艺术-电影,人文社科-哲学,文学-戏剧",3.223418187984966,0.5495157761841178,低,chaoliu@example.com,15291448854,重庆市西安县清城深圳路C座 330728
411,朱帆,男,19,学生,高中,2021-06-08,"艺术,生活","艺术,生活-健康",3.5124884675534744,0.8024696880471623,中,na58@example.net,18084720249,台湾省丽华县门头沟赵街C座 889813
412,李建平,男,37,普通读者,本科,2022-07-09,"生活,经管","生活,经管-管理",3.4736060911665447,0.8645540146372257,中,iguo@example.com,13058659793,湖北省柳州县滨城马鞍山街o座 160522
413,张桂英,女,28,学生,本科,2023-05-01,"艺术,文学","艺术-建筑,文学",2.294186187621817,0.4211393978713983,高,dengjuan@example.net,13036296365,湖北省芳县南长南昌路X座 896500
414,曲桂兰,女,54,普通读者,高中,2023-08-16,"人文社科,小说,经管","人文社科-哲学,人文社科-法律,小说-武侠,小说-历史,小说-科幻,经管-管理,经管-创业,经管-商业",3.4244711420694807,0.9038929728142867,高,zwei@example.org,18897991422,吉林省凯县沙市昆明街i座 500544
415,白建平,男,37,普通读者,本科,2022-11-26,"小说,生活","小说-青春,小说-悬疑推理,生活-园艺,生活-育儿,生活-健康",4.855887952726959,0.3395879942060652,高,jiangxiuying@example.com,18592945668,吉林省上海县西峰张街D座 107420
416,魏燕,女,49,学生,博士,2022-08-01,人文社科,"人文社科-心理学,人文社科-政治,人文社科-经济",3.9805874794671126,0.7977486482408507,高,fang08@example.com,13508624523,青海省丹丹县西夏邯郸路V座 488927
417,尹芳,女,13,学生,小学,2021-01-03,"科学技术,文学","科学技术-地理,文学",4.092540248546341,0.3417612046566145,中,tao77@example.com,15814400792,四川省桂香市双滦北镇路p座 494961
418,柯红霞,男,31,专业人士,硕士,2023-12-26,经管,经管-市场营销,2.718198369965515,0.2593030627403528,中,xiuyingtao@example.net,13127322260,香港特别行政区婷婷县城北长沙路N座 947803
419,王英,女,32,专业人士,硕士,2020-05-05,科学技术,"科学技术-地理,科学技术-医学,科学技术-计算机",2.7738064561490905,0.4286754209359615,低,taolei@example.net,18645582329,广西壮族自治区北京市东城海门路W座 736364
420,王宁,男,37,研究人员,本科,2021-11-07,文学,文学-现代文学,3.488472695094198,0.9701229643967577,很高,qqiao@example.com,13294636558,河北省雪市龙潭台北街Y座 802064
421,翟兰英,女,54,学生,本科,2021-09-24,小说,小说-恐怖,4.006268624413508,0.405085301203683,中,lei08@example.com,15098720676,黑龙江省荣县门头沟嘉禾街Y座 281991
422,牟云,女,1,研究人员,初中,2020-12-28,"小说,文学,生活","小说,文学-外国文学,文学-戏剧,文学-现代文学,生活-烹饪,生活-园艺",4.740596813760368,0.20323864634254332,低,xliu@example.net,13108546461,北京市玉英县上街马街s座 831468
423,李杰,男,22,普通读者,小学,2023-01-02,经管,经管,3.455995474433403,0.6866993175529523,高,yong59@example.org,14770104449,辽宁省关岭市花溪段街P座 340365
424,张辉,男,0,普通读者,初中,2021-08-05,"人文社科,艺术","人文社科-心理学,艺术-设计",4.815138323302496,0.40721106102571103,高,chenping@example.org,14575522198,海南省宜都市白云广州路I座 509046
425,陈辉,男,46,普通读者,高中,2020-06-08,"文学,小说","文学-戏剧,文学-诗歌,文学-外国文学,小说-爱情",2.6626932526261595,0.3828012384616365,高,ping21@example.net,15682279273,天津市合肥市锡山台北街s座 807873
426,何欣,女,37,普通读者,高中,2021-01-06,"小说,文学","小说-武侠,小说-奇幻,小说-悬疑推理,文学",4.861018442874583,0.4308580621422763,中,chaoliao@example.org,13585630752,澳门特别行政区澳门市静安台北街z座 142915
427,刘斌,男,2,普通读者,初中,2023-02-16,"生活,艺术","生活-育儿,生活-健康,艺术-摄影",4.477479615626904,0.37168541127665955,低,juanyan@example.org,18222828678,香港特别行政区成都县城东武汉路R座 196151
428,郭玉,女,44,普通读者,本科,2022-01-30,生活,生活-家居,2.351690044325451,0.2617489875901825,中,fang21@example.com,13728332050,辽宁省永安县清浦北镇路U座 415394
429,李玉华,女,20,学生,本科,2021-03-14,艺术,艺术-设计,3.34316840654001,0.8343280661170029,低,pinggao@example.net,13478897905,云南省宁德市门头沟梁街y座 348795
430,卢兵,男,44,研究人员,硕士,2022-07-12,经管,"经管-管理,经管-创业,经管-金融",3.798507570499048,0.8691574489978291,高,gangkang@example.net,13249760860,甘肃省楠市梁平宁德街F座 917633
431,林桂英,女,36,研究人员,硕士,2020-11-12,"人文社科,小说,文学","人文社科,小说-武侠,文学-散文,文学-古典文学,文学-诗歌",4.938753379465239,0.23264405694949564,高,yonglai@example.net,18936666808,内蒙古自治区巢湖县城北刘路L座 211912
432,林兰英,女,5,学生,小学,2021-05-11,"小说,科学技术","小说-青春,小说-武侠,科学技术-化学",4.453999779997483,0.4233841791079165,很高,ming78@example.net,15247804622,江苏省海口市新城辽阳街w座 865764
433,朱建平,男,32,专业人士,本科,2023-02-03,"科学技术,人文社科","科学技术-数学,科学技术-计算机,科学技术-生物,人文社科-心理学,人文社科-哲学,人文社科-教育",3.1443981381073907,0.8056891186431845,高,jielong@example.org,13191718230,福建省红霞县闵行哈尔滨街G座 460518
434,徐凤兰,女,68,专业人士,博士,2023-04-19,"文学,小说,艺术","文学-诗歌,小说-奇幻,小说-恐怖,艺术-绘画",3.637631245596565,0.9239831570249919,中,mlong@example.org,15505910892,贵州省柳州县沙市惠州路y座 556988
435,李建军,男,29,专业人士,本科,2020-03-11,"艺术,小说","艺术-摄影,艺术-建筑,小说",3.5898051937462805,0.5865803293747449,中,caixiuying@example.org,18119655198,湖南省娜县徐汇莫路H座 843774
436,宋玉珍,女,3,普通读者,初中,2023-01-25,"小说,艺术,生活","小说-恐怖,艺术,生活-家居,生活-旅行",2.263970616879951,0.44550287019587687,中,caixiuying@example.com,13690256020,黑龙江省深圳市东城张街K座 859388
437,栾丹,女,1,研究人员,初中,2023-08-14,"人文社科,经管","人文社科-法律,经管-金融,经管-商业,经管-创业",4.385022795086906,0.49514069913750075,高,gangguo@example.org,15343114921,河南省辉县海陵张路L座 565963
438,宋文,男,26,学生,硕士,2020-06-18,"生活,艺术,文学","生活-旅行,生活-园艺,生活-健康,艺术-音乐,文学-古典文学,文学-外国文学,文学-散文",3.206563082635401,0.6276327530955597,很高,dongyan@example.net,14525085589,香港特别行政区拉萨县上街西宁街n座 746438
439,何慧,女,57,学生,本科,2020-08-17,"人文社科,文学","人文社科,文学",2.0552210073645547,0.36170059455585035,高,tantao@example.org,13032056006,辽宁省邯郸县清城大冶路R座 631499
440,王佳,男,46,学生,高中,2020-11-30,生活,生活,3.9714493444819734,0.8545804365346517,高,xiaolei@example.com,13690129113,云南省六盘水县沙市刘街c座 524904
441,王晨,男,18,教师,高中,2020-04-25,"经管,文学,科学技术","经管-金融,文学-现代文学,文学-散文,文学-外国文学,科学技术-天文,科学技术-数学,科学技术-生物",3.7888730916251983,0.8204487479496695,高,uwei@example.com,15875131023,澳门特别行政区丹丹县涪城北京路J座 183219
442,覃军,男,29,学生,本科,2022-09-03,"文学,小说,艺术","文学-诗歌,文学-外国文学,文学-古典文学,小说-青春,艺术",3.5791083671830655,0.502416076592117,中,tzheng@example.net,18526455969,山西省涛市门头沟周街O座 425722
443,赵楠,男,9,学生,初中,2021-09-08,"艺术,生活,人文社科","艺术-建筑,生活,人文社科",3.7876199834436983,0.8482758864422836,很高,min59@example.net,13232186469,新疆维吾尔自治区南宁县永川沈阳街h座 206192
444,陈慧,女,23,专业人士,本科,2024-02-27,艺术,艺术-电影,2.0175058424345718,0.3931046743348242,低,yanlai@example.org,15082430971,台湾省重庆市友好吴路E座 928378
445,董丽华,女,41,研究人员,博士,2023-03-29,"科学技术,艺术,经管","科学技术,艺术,经管-投资",4.626747629008998,0.22916304792162662,高,lichang@example.com,15664171637,贵州省岩县闵行南宁路G座 690053
446,温丽华,女,30,普通读者,大专,2020-09-23,"艺术,经管","艺术-建筑,经管",3.592362769356433,0.5967117796617862,中,gang71@example.com,15346179693,河北省拉萨市涪城姜街v座 550150
447,车帆,男,27,研究人员,博士,2024-02-09,文学,"文学-诗歌,文学-古典文学,文学-现代文学",4.762109758764359,0.49670436892609154,很高,lfu@example.net,13367106940,辽宁省香港县滨城沈阳街p座 387016
448,吴丹,女,39,学生,大专,2020-06-04,"艺术,小说,科学技术","艺术-音乐,小说-爱情,小说-历史,小说-悬疑推理,科学技术-天文",4.914210421656946,0.3218979000469541,高,idai@example.com,15209110905,海南省长春县龙潭邹街z座 106960
449,张文,男,37,学生,本科,2021-11-30,"艺术,经管,科学技术","艺术-电影,艺术-设计,艺术-建筑,经管-金融,科学技术-物理",4.457628757903546,0.43502879006785117,低,fhou@example.org,13078856616,辽宁省坤县安次济南路h座 765373
450,向桂芳,女,43,研究人员,硕士,2023-05-18,"文学,经管","文学-外国文学,文学-古典文学,经管-金融,经管-商业",4.1924222315650415,0.4461635393007801,高,mhan@example.net,13247839084,山东省邯郸县海港荆门街V座 769952
451,陈洋,男,40,学生,本科,2021-08-21,"科学技术,人文社科","科学技术,人文社科-心理学",3.164587206950914,0.612262440791141,中,zhaochao@example.net,18909985850,贵州省沈阳县龙潭汕尾街u座 787239
452,寇玉华,女,34,学生,大专,2021-08-27,"科学技术,艺术,小说","科学技术-化学,科学技术-生物,科学技术-医学,艺术-摄影,艺术-建筑,艺术-绘画,小说-悬疑推理",4.810634945610912,0.4661037673149007,低,duanyang@example.org,18047602289,天津市楠县普陀长春路t座 399132
453,黄静,女,20,学生,本科,2022-06-10,文学,文学-现代文学,2.222574328205465,0.43506530129104665,很高,gang94@example.com,13286391939,云南省永安市西峰张街l座 951117
454,曹坤,男,35,普通读者,高中,2023-04-16,"生活,科学技术,文学","生活-家居,生活-育儿,生活-健康,科学技术-医学,科学技术-生物,科学技术-物理,文学-诗歌",4.506517155853877,0.2608161148935901,高,tao64@example.org,15031171658,海南省海口县兴山沈街W座 795355
455,汪丽,女,32,学生,高中,2020-06-11,文学,"文学-现代文学,文学-古典文学",3.3133579050211686,0.7617057044450433,中,zguo@example.org,14577251421,北京市潜江市大兴雷路q座 422839
456,徐辉,男,43,学生,高中,2023-12-22,文学,"文学-外国文学,文学-现代文学",3.6185736545203566,0.7519426363236812,中,chengna@example.org,14500436346,贵州省东市璧山呼和浩特街R座 894715
457,谢娟,女,29,学生,本科,2020-09-06,小说,小说,4.360650742738918,0.23544128437554435,中,juanpeng@example.net,18245511007,广东省欣市长寿谭路s座 677891
458,姚建军,男,7,学生,小学,2020-06-29,"人文社科,文学,生活","人文社科-政治,文学,生活-园艺",3.516349596250463,0.7059418907189532,中,mingmeng@example.org,13649536334,广东省荆门市友好王路K座 964231
459,张平,男,11,学生,小学,2021-02-14,"艺术,人文社科","艺术-电影,艺术-设计,艺术-绘画,人文社科",3.409488523306834,0.6360780870625409,中,wlin@example.com,13350759898,湖北省兴安盟县新城张街O座 117988
460,李玉梅,女,45,普通读者,大专,2023-09-05,艺术,"艺术-建筑,艺术-绘画,艺术-摄影",4.885847938292085,0.4297857165270932,中,huwei@example.com,15896582892,海南省惠州县朝阳香港街S座 267969
461,韩玲,女,41,学生,大专,2022-05-07,"经管,科学技术","经管-市场营销,经管-创业,科学技术-化学,科学技术-地理",3.5663775858092284,0.5653586182565067,高,uyang@example.org,15885455958,四川省太原市高明周街Z座 991788
462,谢勇,男,35,普通读者,初中,2020-07-27,"科学技术,艺术","科学技术-地理,科学技术-化学,艺术",4.651621763621685,0.3941140015716673,高,jun47@example.net,15508372164,上海市西宁县浔阳呼和浩特路n座 925917
463,刘娟,女,16,普通读者,初中,2023-06-16,"小说,生活,文学","小说-武侠,生活-烹饪,文学-外国文学",4.647757600268452,0.4070218403686434,中,xiulan70@example.com,15791532445,甘肃省惠州县南溪武汉街Q座 464685
464,陈瑞,男,53,普通读者,小学,2022-08-17,"文学,科学技术","文学-外国文学,文学-诗歌,文学-现代文学,科学技术",3.489251201377767,0.8280161764463394,中,iqiao@example.org,15939825125,云南省霞市孝南兴安盟路z座 772574
465,蒋颖,女,33,学生,本科,2021-01-22,"人文社科,小说","人文社科,小说-悬疑推理",3.324770033247395,0.8118057540847539,高,qiang03@example.org,18566401014,河北省佛山县城北罗街u座 123819
466,覃建平,男,37,普通读者,小学,2023-08-01,艺术,艺术,3.9017462222568042,0.6542057517529662,中,xiangyong@example.org,14541098441,贵州省萍县秀英孟路x座 278349
467,魏杰,男,42,普通读者,高中,2022-03-05,"人文社科,文学,经管","人文社科,文学-戏剧,经管-金融,经管-管理,经管-创业",3.5166589936880572,0.5180298458004242,高,elei@example.net,18601471246,黑龙江省峰县合川党街o座 346493
468,刘建华,男,38,普通读者,高中,2022-02-01,"人文社科,文学,经管","人文社科-哲学,文学-现代文学,文学-散文,经管-商业",3.650293508406885,0.9963154976939296,中,jing70@example.net,13220312696,内蒙古自治区昆明市牧野陈路v座 810262
469,梁莉,女,36,专业人士,本科,2021-03-02,"人文社科,艺术","人文社科,艺术-音乐,艺术-摄影,艺术-绘画",4.805721362690244,0.2021486193329674,高,xiuying72@example.org,18032569576,浙江省秀云市西峰六盘水街q座 587697
470,周淑华,女,33,学生,大专,2021-02-13,经管,经管,4.444398431725056,0.34141267105324097,高,vtan@example.com,13677327309,陕西省台北县安次赵街T座 319144
471,张桂芳,女,57,学生,本科,2021-01-02,文学,"文学-诗歌,文学-现代文学",3.5704852402070397,0.5137495553544169,很高,dqiao@example.org,13316616850,西藏自治区杭州县涪城王路d座 765926
472,鞠洋,男,61,学生,本科,2022-04-21,"艺术,文学","艺术,文学-古典文学,文学-散文",4.996139904199742,0.3034808182524585,中,pingshao@example.org,15950299185,广西壮族自治区红梅市高坪陈街M座 753575
473,陈瑞,男,10,专业人士,小学,2023-06-16,"经管,小说","经管-商业,小说-奇幻,小说-悬疑推理",3.136118195622308,0.6578125524228575,高,leimao@example.org,15641336389,云南省永安市山亭刘街m座 787100
474,罗海燕,女,6,普通读者,初中,2022-12-27,"生活,科学技术,人文社科","生活-家居,科学技术,人文社科-哲学,人文社科-历史,人文社科-心理学",4.517157470230831,0.49112492367548466,低,ili@example.net,18502549858,云南省浩市南溪佛山街Q座 585046
475,练娜,女,17,教师,高中,2022-06-16,"人文社科,文学","人文社科-社会学,文学-古典文学,文学-外国文学,文学-诗歌",3.966787642513807,0.8929517240622189,很高,yongzhao@example.com,13483917327,湖北省秀英市锡山张街X座 609203
476,郭明,男,10,学生,小学,2022-09-06,"小说,艺术,人文社科","小说-武侠,艺术-建筑,人文社科-心理学,人文社科-政治",3.6392800463371224,0.928243842784374,低,yaojie@example.net,13475460293,广东省济南市白云武汉街F座 811802
477,严荣,女,38,普通读者,大专,2022-08-27,"经管,文学","经管-市场营销,经管-金融,经管-投资,文学-戏剧,文学-散文,文学-古典文学",3.2782162155954615,0.834781622330079,低,lsu@example.com,15576351356,宁夏回族自治区哈尔滨市朝阳刘街R座 277059
478,李波,男,42,普通读者,初中,2021-11-29,"艺术,人文社科,经管","艺术-摄影,人文社科,经管-投资,经管-市场营销,经管-管理",3.8581247524756765,0.9329981104623363,高,haojie@example.net,15382242050,河南省兴城县长寿刘街n座 754581
479,吴金凤,女,25,普通读者,大专,2022-07-15,人文社科,"人文社科-法律,人文社科-心理学",2.468943819265842,0.3816536575966504,中,juan55@example.net,14728773792,重庆市璐县锡山沈阳路q座 500615
480,薛文,男,42,学生,本科,2021-07-01,"文学,艺术","文学,艺术-设计,艺术-绘画",3.929551742747826,0.7654783872839657,中,zqian@example.com,13402980465,陕西省邯郸市海陵嘉禾路F座 386506
481,王欢,男,22,学生,本科,2020-07-20,"科学技术,人文社科","科学技术-计算机,科学技术-生物,人文社科-社会学,人文社科-政治,人文社科-经济",3.9791610810729354,0.7896338904565674,中,chaocui@example.net,18564339248,吉林省马鞍山县金平淮安街Z座 100467
482,王丽,女,31,学生,大专,2023-10-19,"科学技术,人文社科","科学技术-天文,人文社科-政治",3.8310924450917585,0.8300668426204902,高,jingxu@example.net,15905313378,宁夏回族自治区深圳市永川李街o座 536214
483,赖红,女,33,普通读者,初中,2020-12-10,生活,生活-育儿,4.213319438494894,0.3774698399026367,高,sunxia@example.net,14513512331,山东省彬市大东孔路I座 261982
484,杨伟,男,30,普通读者,大专,2022-02-17,"人文社科,科学技术","人文社科-经济,人文社科-社会学,科学技术-计算机,科学技术-地理",4.177283917765359,0.4952558660099835,中,yangtao@example.org,15031595092,山东省沈阳县西夏王路I座 597060
485,申杨,男,56,专业人士,硕士,2020-06-07,"科学技术,艺术,文学","科学技术-物理,科学技术-地理,艺术-建筑,文学-诗歌,文学-散文",3.3971943971955003,0.6475460057467475,中,yong85@example.com,13669502478,陕西省秀云县门头沟重庆路y座 114097
486,李荣,女,4,专业人士,初中,2022-10-21,科学技术,科学技术-数学,4.92503461971451,0.4466695722869949,低,wei48@example.org,15937185321,台湾省楠市白云杨街h座 224786
487,王玉珍,女,29,学生,高中,2021-11-22,"文学,艺术,生活","文学,艺术,生活",3.9417255433237903,0.5674384774959282,高,xzhang@example.com,18884676060,黑龙江省成市海港兴城街q座 569435
488,左雪梅,女,66,专业人士,本科,2021-09-24,"科学技术,文学,生活","科学技术-计算机,科学技术-地理,文学,生活",4.3256654380428685,0.3215166075046548,高,tanjie@example.com,15116902069,新疆维吾尔自治区香港市闵行辛集街p座 937329
489,马鑫,男,29,普通读者,高中,2022-07-08,经管,"经管-金融,经管-创业",3.8134701308581618,0.549674917182406,中,wei51@example.com,18764083538,青海省玉英市花溪黄街f座 995974
490,周博,男,61,普通读者,初中,2022-01-31,艺术,艺术-绘画,3.575116017504024,0.7542604555809362,高,fangxiang@example.net,13218560084,新疆维吾尔自治区雪梅县长寿张家港街O座 282718
491,温彬,男,27,普通读者,小学,2020-12-20,"生活,艺术,人文社科","生活-烹饪,生活-育儿,艺术-音乐,艺术-设计,艺术-电影,人文社科-教育",3.3709245724716252,0.3685481648563895,高,xia72@example.net,14706988828,香港特别行政区倩县西夏沈阳路d座 608495
492,黄欣,女,62,学生,本科,2023-03-05,"科学技术,人文社科,文学","科学技术,人文社科-法律,人文社科-政治,人文社科-经济,文学-戏剧,文学-古典文学",3.1837237766139586,0.44459721438399263,很高,shixiuying@example.net,13267417225,甘肃省秀云县丰都谢路x座 786963
493,何峰,男,8,普通读者,小学,2020-12-18,"艺术,人文社科,科学技术","艺术,人文社科-经济,人文社科-历史,科学技术-计算机,科学技术-化学",3.087695527237285,0.24321948642314556,高,qiangpeng@example.net,15522730325,上海市长沙县兴山何路n座 954782
494,石瑞,男,20,专业人士,本科,2020-05-22,"人文社科,小说,艺术","人文社科-哲学,人文社科-政治,人文社科-法律,小说-历史,小说-奇幻,艺术",2.9274181785864335,0.31275707287078924,高,liaofang@example.com,13004044740,广东省畅市清城潮州街D座 322989
495,张海燕,女,51,学生,大专,2021-10-17,"文学,小说","文学,小说",3.4277149738044055,0.9994482376976666,高,wenna@example.org,13275323627,浙江省小红市房山太原街d座 827313
496,罗玉珍,女,24,普通读者,大专,2022-08-07,"文学,科学技术,艺术","文学-外国文学,文学-诗歌,科学技术,艺术-摄影,艺术-音乐",3.054174425653775,0.2130555003137386,低,qiangcheng@example.net,15877943337,吉林省海门市孝南赵路i座 209061
497,马利,男,14,研究人员,小学,2021-08-12,科学技术,科学技术-天文,2.5085367865334067,0.37973386425297173,很高,qliao@example.org,13294256356,北京市洁县沈河袁路P座 443037
498,王军,男,6,学生,初中,2021-05-13,"人文社科,艺术,经管","人文社科-经济,人文社科-法律,艺术-绘画,艺术-设计,艺术-电影,经管-投资,经管-商业,经管-市场营销",3.0907610294453773,0.845000960990089,高,guiyinghou@example.net,18297591681,海南省建军市西峰长春街x座 514658
499,刘利,男,72,学生,高中,2023-08-12,"艺术,小说","艺术-建筑,艺术-摄影,艺术-音乐,小说-奇幻",3.813313904784868,0.7383345791150355,高,tanjie@example.net,14587362093,台湾省阜新县璧山海口街c座 305239
500,常玉英,女,20,普通读者,高中,2023-09-11,"艺术,小说","艺术-摄影,小说-青春,小说-武侠,小说-奇幻",3.71944952520855,0.7166094141458539,高,iqian@example.com,15077634752,香港特别行政区莉县永川东莞路E座 117127
